,start
104@purdue.edu 165@purdue.edu 165@purdue.edu 165@purdue.edu 68@purdue.edu 95@purdue.edu 148@purdue.edu 148@purdue.edu 14@purdue.edu 148@purdue.edu 187@purdue.edu 208@purdue.edu 148@purdue.edu 148@purdue.edu ,"2015-04-15 17:39:49,2015-04-15 18:53:42,2015-04-15 18:55:18,2015-04-15 18:55:45,2015-04-15 19:08:47,2015-04-15 19:35:17,2015-04-15 20:32:30,2015-04-15 20:44:45,2015-04-15 20:59:51,2015-04-15 22:02:30,2015-04-16 19:59:01,2015-04-16 20:19:32,2015-04-16 20:40:43,2015-04-16 20:41:36,"
104@purdue.edu 61@purdue.edu 226@purdue.edu 227@purdue.edu 132@purdue.edu 68@purdue.edu 33@purdue.edu 165@purdue.edu 156@purdue.edu 172@purdue.edu 39@purdue.edu 39@purdue.edu 200@purdue.edu 68@purdue.edu 10@purdue.edu 187@purdue.edu 85@purdue.edu 135@purdue.edu 213@purdue.edu ,"2015-04-08 16:23:01,2015-04-08 17:05:48,2015-04-08 17:12:18,2015-04-08 17:14:10,2015-04-08 17:23:36,2015-04-08 19:55:31,2015-04-08 20:32:24,2015-04-08 23:30:29,2015-04-08 23:48:27,2015-04-09 01:06:20,2015-04-09 01:53:33,2015-04-09 01:58:13,2015-04-09 10:52:42,2015-04-09 11:19:56,2015-04-09 17:27:30,2015-04-09 18:34:46,2015-04-09 21:40:52,2015-04-09 22:37:06,2015-04-09 22:46:27,"
109@purdue.edu 95@purdue.edu 95@purdue.edu 104@purdue.edu 93@purdue.edu 34@purdue.edu 83@purdue.edu 71@purdue.edu 67@purdue.edu 133@purdue.edu 4@purdue.edu 180@purdue.edu 36@purdue.edu 36@purdue.edu 36@purdue.edu 12@purdue.edu 151@purdue.edu 25@purdue.edu 54@purdue.edu 7@purdue.edu 165@purdue.edu 191@purdue.edu 5@purdue.edu 163@purdue.edu 82@purdue.edu 163@purdue.edu 192@purdue.edu 63@purdue.edu 11@purdue.edu ,"2015-02-25 13:55:22,2015-02-25 14:53:02,2015-02-25 14:53:33,2015-02-25 15:52:59,2015-02-25 16:05:01,2015-02-25 16:24:53,2015-02-25 16:50:03,2015-02-25 17:23:02,2015-02-25 17:32:13,2015-02-25 17:32:34,2015-02-25 17:42:16,2015-02-25 21:22:56,2015-02-25 21:36:47,2015-02-25 21:41:00,2015-02-25 22:09:34,2015-02-25 23:08:53,2015-02-26 12:47:45,2015-02-26 15:11:47,2015-02-26 16:47:40,2015-02-26 17:05:31,2015-02-26 17:54:37,2015-02-26 18:05:55,2015-02-26 20:14:15,2015-02-26 20:30:56,2015-02-26 20:39:13,2015-02-26 21:10:45,2015-02-26 21:29:53,2015-02-26 22:15:28,2015-02-27 02:38:01,"
110@purdue.edu 7@purdue.edu 49@purdue.edu 49@purdue.edu 34@purdue.edu 113@purdue.edu 88@purdue.edu 120@purdue.edu 121@purdue.edu 40@purdue.edu 32@purdue.edu 31@purdue.edu 48@purdue.edu 5@purdue.edu ,"2015-01-24 14:34:03,2015-01-24 15:07:27,2015-01-24 15:15:49,2015-01-24 15:17:44,2015-01-24 16:41:59,2015-01-24 21:03:31,2015-01-25 00:07:53,2015-01-25 10:54:19,2015-01-25 12:41:16,2015-01-25 14:22:49,2015-01-25 17:44:02,2015-01-25 18:10:42,2015-01-25 20:17:56,2015-01-25 22:05:14,"
111@purdue.edu 31@purdue.edu 30@purdue.edu 68@purdue.edu 153@purdue.edu 148@purdue.edu 165@purdue.edu 165@purdue.edu 163@purdue.edu 163@purdue.edu 26@purdue.edu 37@purdue.edu 29@purdue.edu 99@purdue.edu ,"2015-02-11 12:04:06,2015-02-11 13:47:47,2015-02-11 13:48:59,2015-02-11 14:00:17,2015-02-11 15:42:52,2015-02-11 17:14:44,2015-02-11 20:14:10,2015-02-11 20:16:29,2015-02-12 15:50:56,2015-02-12 16:01:43,2015-02-12 21:43:53,2015-02-12 22:39:41,2015-02-13 08:57:24,2015-02-13 10:17:55,"
111@purdue.edu 47@purdue.edu 47@purdue.edu 31@purdue.edu 31@purdue.edu 47@purdue.edu 95@purdue.edu 95@purdue.edu 40@purdue.edu 95@purdue.edu 151@purdue.edu 150@purdue.edu 150@purdue.edu 4@purdue.edu 148@purdue.edu 165@purdue.edu 165@purdue.edu 167@purdue.edu 160@purdue.edu 26@purdue.edu 29@purdue.edu 29@purdue.edu 76@purdue.edu ,"2015-02-11 12:05:20,2015-02-11 13:16:06,2015-02-11 13:33:55,2015-02-11 13:38:52,2015-02-11 13:43:08,2015-02-11 13:48:43,2015-02-11 14:04:34,2015-02-11 14:05:15,2015-02-11 15:13:24,2015-02-11 15:16:46,2015-02-11 15:32:33,2015-02-11 15:51:04,2015-02-11 15:51:55,2015-02-11 16:13:58,2015-02-11 16:36:00,2015-02-11 20:02:26,2015-02-11 20:04:09,2015-02-12 14:31:04,2015-02-12 21:13:28,2015-02-12 21:32:57,2015-02-13 08:40:15,2015-02-13 08:47:28,2015-02-13 11:02:35,"
122@purdue.edu 47@purdue.edu 47@purdue.edu 141@purdue.edu 216@purdue.edu 68@purdue.edu 68@purdue.edu 122@purdue.edu 18@purdue.edu 115@purdue.edu 169@purdue.edu 179@purdue.edu 87@purdue.edu 34@purdue.edu 92@purdue.edu 49@purdue.edu 109@purdue.edu 109@purdue.edu 56@purdue.edu 76@purdue.edu 109@purdue.edu 217@purdue.edu 10@purdue.edu ,"2015-03-23 16:03:10,2015-03-23 16:03:17,2015-03-23 16:04:40,2015-03-23 16:07:03,2015-03-23 16:11:33,2015-03-23 16:14:08,2015-03-23 16:18:41,2015-03-23 16:41:22,2015-03-23 16:45:06,2015-03-23 17:04:04,2015-03-23 17:26:20,2015-03-23 18:10:51,2015-03-23 21:55:18,2015-03-23 22:12:44,2015-03-23 23:34:06,2015-03-24 16:16:19,2015-03-24 21:07:43,2015-03-24 21:27:13,2015-03-25 00:00:20,2015-03-25 00:02:18,2015-03-25 00:31:33,2015-03-25 04:30:14,2015-03-25 09:45:07,"
127@purdue.edu 104@purdue.edu 128@purdue.edu 95@purdue.edu 129@purdue.edu 95@purdue.edu 95@purdue.edu 130@purdue.edu 68@purdue.edu 73@purdue.edu 95@purdue.edu 73@purdue.edu 110@purdue.edu 24@purdue.edu 43@purdue.edu 43@purdue.edu 60@purdue.edu 131@purdue.edu 46@purdue.edu 46@purdue.edu 18@purdue.edu 114@purdue.edu 132@purdue.edu 86@purdue.edu 30@purdue.edu 84@purdue.edu 60@purdue.edu 60@purdue.edu 60@purdue.edu 133@purdue.edu 31@purdue.edu 26@purdue.edu 134@purdue.edu ,"2015-01-28 12:33:21,2015-01-28 13:41:38,2015-01-28 13:59:01,2015-01-28 14:52:08,2015-01-28 14:54:52,2015-01-28 14:57:04,2015-01-28 15:04:49,2015-01-28 16:18:19,2015-01-28 16:58:14,2015-01-28 20:11:27,2015-01-28 20:20:39,2015-01-28 20:23:15,2015-01-28 20:35:28,2015-01-28 20:47:26,2015-01-28 21:09:46,2015-01-28 21:57:34,2015-01-28 22:35:23,2015-01-28 23:04:36,2015-01-28 23:08:37,2015-01-28 23:19:21,2015-01-29 09:33:44,2015-01-29 09:41:51,2015-01-29 10:07:16,2015-01-29 10:41:28,2015-01-29 12:08:30,2015-01-29 15:21:16,2015-01-29 15:52:56,2015-01-29 15:54:56,2015-01-29 16:04:11,2015-01-29 17:58:48,2015-01-29 19:55:50,2015-01-29 21:48:58,2015-01-30 02:10:31,"
127@purdue.edu 135@purdue.edu 125@purdue.edu 20@purdue.edu 33@purdue.edu 202@purdue.edu 34@purdue.edu 139@purdue.edu 24@purdue.edu 182@purdue.edu 182@purdue.edu 182@purdue.edu 26@purdue.edu 23@purdue.edu 233@purdue.edu 214@purdue.edu 109@purdue.edu 35@purdue.edu 113@purdue.edu 113@purdue.edu 231@purdue.edu 181@purdue.edu 44@purdue.edu 44@purdue.edu ,"2015-04-29 16:25:29,2015-04-29 16:38:37,2015-04-29 17:18:37,2015-04-29 19:17:10,2015-04-29 19:31:33,2015-04-29 20:22:13,2015-04-29 22:36:50,2015-04-30 13:43:25,2015-04-30 13:49:52,2015-04-30 20:34:37,2015-04-30 20:42:52,2015-04-30 20:45:27,2015-04-30 21:47:52,2015-04-30 23:15:08,2015-04-30 23:51:47,2015-05-01 01:08:09,2015-05-01 02:21:34,2015-05-01 08:11:20,2015-05-01 10:29:36,2015-05-01 10:33:29,2015-05-01 13:00:12,2015-05-01 13:06:59,2015-05-01 13:40:29,2015-05-01 13:41:03,"
127@purdue.edu 165@purdue.edu 115@purdue.edu 95@purdue.edu 80@purdue.edu 148@purdue.edu 76@purdue.edu 148@purdue.edu 76@purdue.edu 76@purdue.edu 206@purdue.edu 148@purdue.edu 77@purdue.edu 14@purdue.edu 187@purdue.edu 156@purdue.edu 121@purdue.edu 172@purdue.edu ,"2015-04-15 16:52:29,2015-04-15 18:40:58,2015-04-15 19:21:06,2015-04-15 19:23:26,2015-04-15 19:27:25,2015-04-15 20:01:51,2015-04-15 20:20:52,2015-04-15 20:36:57,2015-04-15 21:03:36,2015-04-15 21:05:51,2015-04-15 21:12:20,2015-04-15 21:36:15,2015-04-16 13:34:09,2015-04-16 15:56:00,2015-04-16 16:14:35,2015-04-16 16:37:48,2015-04-16 18:15:26,2015-04-16 19:15:07,"
127@purdue.edu 213@purdue.edu 61@purdue.edu 96@purdue.edu 95@purdue.edu 95@purdue.edu 14@purdue.edu 76@purdue.edu 156@purdue.edu 18@purdue.edu 46@purdue.edu 52@purdue.edu 95@purdue.edu 115@purdue.edu 202@purdue.edu 202@purdue.edu 34@purdue.edu 36@purdue.edu 36@purdue.edu 5@purdue.edu 102@purdue.edu ,"2015-04-03 14:26:36,2015-04-03 15:06:59,2015-04-03 15:12:03,2015-04-03 16:20:12,2015-04-03 17:34:03,2015-04-03 17:36:18,2015-04-03 19:29:18,2015-04-04 00:06:18,2015-04-04 08:15:04,2015-04-04 14:14:07,2015-04-04 14:20:20,2015-04-04 16:27:14,2015-04-04 17:34:38,2015-04-04 17:38:39,2015-04-04 20:08:20,2015-04-04 20:22:49,2015-04-05 15:46:27,2015-04-05 17:11:10,2015-04-05 17:12:05,2015-04-05 21:10:32,2015-04-06 00:15:30,"
12@purdue.edu 31@purdue.edu 12@purdue.edu 22@purdue.edu 80@purdue.edu 80@purdue.edu 12@purdue.edu 200@purdue.edu 200@purdue.edu ,"2015-04-19 15:27:21,2015-04-19 15:59:52,2015-04-19 16:14:14,2015-04-21 16:16:50,2015-04-21 17:40:19,2015-04-21 20:35:06,2015-04-21 21:45:34,2015-04-22 16:53:43,2015-04-22 16:55:12,"
12@purdue.edu 31@purdue.edu 80@purdue.edu 31@purdue.edu ,"2015-04-19 15:28:27,2015-04-19 16:26:25,2015-04-21 11:37:51,2015-04-22 13:04:43,"
140@purdue.edu 122@purdue.edu 115@purdue.edu 133@purdue.edu 18@purdue.edu 179@purdue.edu 87@purdue.edu 87@purdue.edu 50@purdue.edu 87@purdue.edu 186@purdue.edu 50@purdue.edu 95@purdue.edu 95@purdue.edu ,"2015-03-23 16:42:25,2015-03-23 16:42:51,2015-03-23 16:57:01,2015-03-23 16:57:34,2015-03-23 17:18:06,2015-03-23 18:14:18,2015-03-23 22:22:45,2015-03-23 22:23:24,2015-03-24 00:34:04,2015-03-24 11:04:30,2015-03-24 18:02:29,2015-03-25 00:58:23,2015-04-01 19:51:28,2015-04-01 19:53:50,"
149@purdue.edu 40@purdue.edu 5@purdue.edu 40@purdue.edu ,"2015-03-07 14:05:32,2015-03-08 22:00:57,2015-03-10 23:37:47,2015-03-11 15:37:46,"
14@purdue.edu 106@purdue.edu 64@purdue.edu 76@purdue.edu 18@purdue.edu 213@purdue.edu 95@purdue.edu 121@purdue.edu 137@purdue.edu 137@purdue.edu 126@purdue.edu 126@purdue.edu 31@purdue.edu 37@purdue.edu ,"2015-04-17 13:25:01,2015-04-17 14:19:20,2015-04-17 15:36:51,2015-04-17 16:22:37,2015-04-17 17:22:21,2015-04-17 18:25:23,2015-04-18 16:51:01,2015-04-18 18:34:27,2015-04-18 18:42:10,2015-04-18 18:51:50,2015-04-18 19:48:10,2015-04-18 19:50:04,2015-04-19 13:10:46,2015-04-19 22:43:26,"
14@purdue.edu 131@purdue.edu 131@purdue.edu 215@purdue.edu 133@purdue.edu 180@purdue.edu 135@purdue.edu 135@purdue.edu 164@purdue.edu 164@purdue.edu 148@purdue.edu 115@purdue.edu 69@purdue.edu 115@purdue.edu 148@purdue.edu 22@purdue.edu 171@purdue.edu 133@purdue.edu 122@purdue.edu 77@purdue.edu 19@purdue.edu 26@purdue.edu 152@purdue.edu 171@purdue.edu 36@purdue.edu 17@purdue.edu 170@purdue.edu 172@purdue.edu 211@purdue.edu ,"2015-03-30 18:30:29,2015-03-30 18:30:42,2015-03-30 18:32:25,2015-03-30 18:49:03,2015-03-30 19:04:54,2015-03-30 19:14:24,2015-03-30 19:18:45,2015-03-30 19:24:29,2015-03-30 19:39:24,2015-03-30 19:40:14,2015-03-30 19:46:05,2015-03-30 20:49:22,2015-03-30 20:50:38,2015-03-30 20:55:48,2015-03-30 21:00:10,2015-03-30 21:50:05,2015-03-31 00:52:32,2015-03-31 09:49:03,2015-03-31 12:47:15,2015-03-31 13:27:05,2015-03-31 17:56:32,2015-03-31 19:19:27,2015-03-31 19:42:31,2015-03-31 20:30:19,2015-03-31 22:17:54,2015-03-31 23:49:07,2015-04-01 00:11:38,2015-04-01 00:59:21,2015-04-01 01:50:15,"
14@purdue.edu 76@purdue.edu 14@purdue.edu 18@purdue.edu 80@purdue.edu 195@purdue.edu 52@purdue.edu 76@purdue.edu 141@purdue.edu 19@purdue.edu 211@purdue.edu 121@purdue.edu 169@purdue.edu 211@purdue.edu 109@purdue.edu 152@purdue.edu 31@purdue.edu 12@purdue.edu 50@purdue.edu 191@purdue.edu 231@purdue.edu ,"2015-04-17 13:15:21,2015-04-17 15:47:45,2015-04-17 15:51:46,2015-04-17 17:12:07,2015-04-17 17:52:55,2015-04-17 18:04:34,2015-04-17 18:36:43,2015-04-17 22:26:51,2015-04-18 09:31:40,2015-04-18 10:44:16,2015-04-18 17:15:23,2015-04-18 18:09:04,2015-04-18 21:17:06,2015-04-18 21:41:27,2015-04-18 23:29:20,2015-04-19 13:18:07,2015-04-19 13:25:13,2015-04-19 15:07:05,2015-04-19 19:30:58,2015-04-20 00:12:22,2015-05-01 12:50:57,"
14@purdue.edu 95@purdue.edu 95@purdue.edu 70@purdue.edu 18@purdue.edu 80@purdue.edu 93@purdue.edu 148@purdue.edu 95@purdue.edu 95@purdue.edu 148@purdue.edu 169@purdue.edu 95@purdue.edu 95@purdue.edu 95@purdue.edu 95@purdue.edu 211@purdue.edu 121@purdue.edu 148@purdue.edu 142@purdue.edu 52@purdue.edu 52@purdue.edu 90@purdue.edu 213@purdue.edu 216@purdue.edu ,"2015-04-03 20:00:25,2015-04-03 23:27:38,2015-04-03 23:30:00,2015-04-04 14:31:32,2015-04-04 14:39:22,2015-04-04 15:48:20,2015-04-04 15:58:17,2015-04-04 16:48:06,2015-04-04 17:07:51,2015-04-04 17:08:42,2015-04-04 17:12:19,2015-04-04 17:23:20,2015-04-04 17:26:40,2015-04-04 17:28:56,2015-04-04 17:29:42,2015-04-04 17:30:09,2015-04-04 17:32:24,2015-04-04 21:37:24,2015-04-04 22:03:40,2015-04-04 22:55:35,2015-04-05 18:11:29,2015-04-05 18:37:43,2015-04-05 21:26:21,2015-04-06 10:22:06,2015-04-06 12:03:05,"
151@purdue.edu 174@purdue.edu 151@purdue.edu 179@purdue.edu 179@purdue.edu 61@purdue.edu 135@purdue.edu 190@purdue.edu 50@purdue.edu 84@purdue.edu 48@purdue.edu 82@purdue.edu 23@purdue.edu ,"2015-03-04 14:29:28,2015-03-04 14:30:55,2015-03-04 14:32:49,2015-03-04 14:34:40,2015-03-04 14:35:29,2015-03-04 16:46:03,2015-03-04 17:17:26,2015-03-04 22:33:34,2015-03-04 23:56:20,2015-03-05 20:19:02,2015-03-05 21:03:08,2015-03-05 23:33:48,2015-03-06 01:28:20,"
176@purdue.edu 135@purdue.edu 213@purdue.edu 64@purdue.edu 133@purdue.edu 209@purdue.edu 58@purdue.edu 5@purdue.edu 211@purdue.edu 211@purdue.edu 20@purdue.edu 58@purdue.edu 58@purdue.edu 23@purdue.edu 31@purdue.edu ,"2015-03-07 17:41:02,2015-03-07 17:49:36,2015-03-07 18:26:25,2015-03-07 18:32:55,2015-03-07 19:20:27,2015-03-07 20:29:22,2015-03-07 21:36:55,2015-03-07 23:05:27,2015-03-07 23:16:45,2015-03-07 23:19:33,2015-03-07 23:43:59,2015-03-08 00:08:58,2015-03-08 00:09:19,2015-03-08 11:47:29,2015-03-08 14:55:12,"
176@purdue.edu 145@purdue.edu 133@purdue.edu 130@purdue.edu 47@purdue.edu 209@purdue.edu 107@purdue.edu 56@purdue.edu 52@purdue.edu 210@purdue.edu 133@purdue.edu 211@purdue.edu 211@purdue.edu 168@purdue.edu 93@purdue.edu 47@purdue.edu 12@purdue.edu 25@purdue.edu 25@purdue.edu 71@purdue.edu 71@purdue.edu 11@purdue.edu 40@purdue.edu 134@purdue.edu 134@purdue.edu 212@purdue.edu 11@purdue.edu ,"2015-03-07 17:39:46,2015-03-07 18:17:59,2015-03-07 19:15:03,2015-03-07 19:51:29,2015-03-07 20:02:54,2015-03-07 20:14:21,2015-03-07 21:01:26,2015-03-07 21:24:01,2015-03-07 21:34:23,2015-03-07 21:36:20,2015-03-07 21:43:24,2015-03-07 21:47:03,2015-03-07 21:57:28,2015-03-08 01:36:40,2015-03-08 12:52:58,2015-03-08 12:54:29,2015-03-08 17:07:24,2015-03-08 18:14:11,2015-03-08 18:15:35,2015-03-08 18:17:19,2015-03-08 18:20:52,2015-03-08 18:54:57,2015-03-08 19:23:12,2015-03-08 20:03:31,2015-03-08 20:04:33,2015-03-09 04:13:25,2015-03-09 10:09:28,"
179@purdue.edu 202@purdue.edu 179@purdue.edu 106@purdue.edu 207@purdue.edu 83@purdue.edu 18@purdue.edu 115@purdue.edu 34@purdue.edu 165@purdue.edu 190@purdue.edu 145@purdue.edu 75@purdue.edu 75@purdue.edu 75@purdue.edu 18@purdue.edu 25@purdue.edu 197@purdue.edu 139@purdue.edu 47@purdue.edu 48@purdue.edu 43@purdue.edu 43@purdue.edu 43@purdue.edu 205@purdue.edu 49@purdue.edu 82@purdue.edu ,"2015-03-04 14:31:39,2015-03-04 14:35:51,2015-03-04 14:40:33,2015-03-04 15:12:44,2015-03-04 15:25:19,2015-03-04 15:38:23,2015-03-04 16:12:54,2015-03-04 17:12:06,2015-03-04 20:12:42,2015-03-04 21:50:40,2015-03-04 23:00:51,2015-03-04 23:24:01,2015-03-05 09:59:02,2015-03-05 10:03:33,2015-03-05 10:04:15,2015-03-05 11:00:29,2015-03-05 11:04:03,2015-03-05 18:47:46,2015-03-05 19:05:45,2015-03-05 19:28:33,2015-03-05 21:04:57,2015-03-05 22:43:38,2015-03-05 22:51:21,2015-03-05 23:00:45,2015-03-05 23:07:48,2015-03-05 23:40:59,2015-03-06 00:13:34,"
181@purdue.edu 78@purdue.edu 95@purdue.edu 95@purdue.edu 201@purdue.edu 76@purdue.edu 93@purdue.edu 93@purdue.edu 202@purdue.edu 179@purdue.edu 202@purdue.edu 12@purdue.edu 12@purdue.edu 12@purdue.edu 138@purdue.edu 164@purdue.edu 164@purdue.edu 104@purdue.edu 165@purdue.edu 206@purdue.edu 47@purdue.edu 91@purdue.edu 47@purdue.edu 58@purdue.edu 58@purdue.edu 36@purdue.edu 174@purdue.edu 34@purdue.edu 190@purdue.edu 43@purdue.edu 88@purdue.edu 11@purdue.edu 11@purdue.edu 11@purdue.edu ,"2015-03-02 12:40:15,2015-03-02 12:49:37,2015-03-02 14:22:18,2015-03-02 14:39:32,2015-03-02 16:03:36,2015-03-02 16:19:15,2015-03-02 16:26:31,2015-03-02 16:28:30,2015-03-02 16:37:38,2015-03-02 16:39:59,2015-03-02 16:43:33,2015-03-02 17:22:28,2015-03-02 17:23:10,2015-03-02 17:31:43,2015-03-02 17:50:58,2015-03-02 19:01:00,2015-03-02 19:26:50,2015-03-02 19:38:56,2015-03-02 20:23:18,2015-03-02 20:33:28,2015-03-02 21:24:10,2015-03-02 21:29:28,2015-03-02 21:32:06,2015-03-02 21:57:31,2015-03-02 22:00:24,2015-03-03 01:16:20,2015-03-03 11:49:22,2015-03-03 12:01:16,2015-03-03 20:51:42,2015-03-03 21:54:24,2015-03-03 22:41:40,2015-03-04 07:23:46,2015-03-04 07:27:28,2015-03-04 07:33:29,"
184@purdue.edu 51@purdue.edu 40@purdue.edu 47@purdue.edu 77@purdue.edu 185@purdue.edu 168@purdue.edu 95@purdue.edu 171@purdue.edu 181@purdue.edu 181@purdue.edu 165@purdue.edu 45@purdue.edu 179@purdue.edu 179@purdue.edu 186@purdue.edu 34@purdue.edu ,"2015-02-21 11:03:26,2015-02-21 13:05:35,2015-02-21 13:30:37,2015-02-21 13:49:03,2015-02-21 13:59:34,2015-02-21 14:27:01,2015-02-21 17:35:05,2015-02-21 19:30:21,2015-02-21 20:03:49,2015-02-21 20:27:30,2015-02-21 20:51:39,2015-02-22 01:20:48,2015-02-22 13:21:33,2015-02-22 15:15:43,2015-02-22 15:19:56,2015-02-22 16:34:35,2015-02-22 17:30:38,"
18@purdue.edu 153@purdue.edu 18@purdue.edu 203@purdue.edu 203@purdue.edu 78@purdue.edu 200@purdue.edu 162@purdue.edu 153@purdue.edu 153@purdue.edu 77@purdue.edu 208@purdue.edu ,"2015-03-08 17:44:12,2015-03-10 19:07:54,2015-03-10 20:18:29,2015-03-10 20:54:18,2015-03-10 21:02:36,2015-03-10 23:46:48,2015-03-11 01:23:17,2015-03-11 15:58:37,2015-03-11 16:24:59,2015-03-11 16:27:47,2015-03-11 18:40:39,2015-03-11 18:53:27,"
18@purdue.edu 83@purdue.edu 174@purdue.edu 83@purdue.edu 80@purdue.edu 68@purdue.edu 101@purdue.edu 93@purdue.edu 68@purdue.edu 68@purdue.edu 51@purdue.edu 4@purdue.edu 4@purdue.edu 188@purdue.edu 189@purdue.edu 92@purdue.edu 95@purdue.edu 77@purdue.edu 95@purdue.edu 95@purdue.edu 95@purdue.edu 5@purdue.edu 85@purdue.edu 85@purdue.edu 95@purdue.edu 95@purdue.edu 163@purdue.edu 7@purdue.edu 135@purdue.edu 187@purdue.edu 43@purdue.edu 163@purdue.edu 190@purdue.edu 190@purdue.edu 20@purdue.edu ,"2015-02-23 14:43:38,2015-02-23 15:10:27,2015-02-23 15:10:32,2015-02-23 15:10:51,2015-02-23 15:52:47,2015-02-23 15:58:52,2015-02-23 16:13:35,2015-02-23 16:17:29,2015-02-23 16:22:48,2015-02-23 16:25:24,2015-02-23 16:45:56,2015-02-23 17:02:09,2015-02-23 17:03:04,2015-02-23 18:51:40,2015-02-23 20:50:04,2015-02-23 21:01:28,2015-02-23 21:31:30,2015-02-23 21:36:42,2015-02-23 22:22:14,2015-02-23 22:24:55,2015-02-23 22:47:22,2015-02-23 22:48:22,2015-02-23 23:56:38,2015-02-23 23:57:12,2015-02-24 00:05:35,2015-02-24 00:27:19,2015-02-24 00:46:14,2015-02-24 13:13:46,2015-02-24 15:51:03,2015-02-24 16:21:00,2015-02-24 18:19:51,2015-02-24 22:01:34,2015-02-24 22:41:23,2015-02-24 23:11:17,2015-02-24 23:32:25,"
2013-06-10 11:05:08,363 423 
2013-09-06 13:14:53,940 962 965 973 974 975 977 978 979 980 981 982 984 1203 1307 1308 1403 2123 2124 2125 2126 2127 2128 2129 2130 2131 2132 2133 2134 2135 2136 2137 2138 2139 2140 2141 2142 2143 2144 
2014-06-16 11:17:29,425 487 552 983 
2014-08-14 08:00:36,488 541 546 547 550 551 553 554 556 
2015-01-11 13:37:29,318 320 322 323 324 326 327 328 330 332 333 334 335 336 338 339 340 347 349 355 358 359 361 362 
2015-01-11 13:37:47,319 321 325 329 331 337 341 342 343 344 345 346 348 350 351 352 353 354 356 357 360 
2015-01-14 12:00:30,390 391 394 395 396 398 401 402 403 404 406 408 409 415 416 417 418 
2015-01-14 12:00:51,364 365 366 367 368 369 370 371 372 373 374 375 376 377 378 379 380 381 382 383 384 385 386 387 388 389 392 393 397 399 400 405 407 410 411 412 413 414 
2015-01-16 12:00:01,438 439 444 447 449 450 451 452 453 454 455 456 457 458 459 461 463 464 465 
2015-01-16 12:00:42,420 421 422 424 426 427 428 429 430 431 432 433 434 435 436 437 440 441 442 443 445 446 448 460 462 
2015-01-21 12:00:21,466 467 468 469 470 471 472 477 483 484 486 489 491 492 493 494 496 499 
2015-01-21 12:00:42,473 474 475 476 478 479 480 481 482 485 490 495 497 498 
2015-01-23 12:00:01,500 501 502 503 504 505 511 512 518 519 520 521 522 525 527 
2015-01-23 12:00:32,506 507 508 509 510 513 514 515 516 517 523 524 526 528 
2015-01-26 12:00:05,529 530 531 532 533 534 535 536 537 538 539 540 542 543 544 545 548 549 555 557 558 559 560 561 562 
2015-01-28 12:00:05,563 564 565 566 567 568 569 570 571 572 573 574 575 576 577 578 579 581 582 583 586 587 588 589 591 594 595 596 598 599 601 602 606 
2015-01-28 12:00:14,580 584 585 590 592 593 597 600 603 604 605 
2015-01-30 12:00:04,608 611 612 613 614 615 617 618 619 621 624 629 632 633 638 639 640 643 654 656 
2015-01-30 12:00:38,607 609 610 616 620 622 623 625 626 627 628 630 631 634 635 636 637 641 642 644 645 646 647 648 649 650 651 652 653 
2015-02-02 12:00:30,655 657 658 661 665 666 667 668 670 679 681 684 685 686 688 
2015-02-02 12:00:58,659 660 662 663 664 669 671 672 673 674 675 676 677 678 680 682 683 687 
2015-02-04 12:00:21,689 691 692 693 694 695 696 698 699 700 703 705 706 707 710 711 714 716 719 720 722 725 
2015-02-04 12:00:42,690 697 701 702 704 708 709 712 713 715 717 718 721 723 724 726 
2015-02-06 12:00:03,727 728 730 731 733 734 735 736 738 740 747 749 752 754 756 759 760 
2015-02-06 12:00:21,729 732 737 739 741 742 743 744 745 746 748 750 751 753 755 757 758 761 762 763 764 765 766 767 
2015-02-09 12:00:20,776 778 779 780 781 782 783 784 785 787 788 790 791 797 799 802 804 807 810 811 813 815 816 
2015-02-09 12:00:50,769 770 771 772 773 774 775 777 786 789 792 793 794 796 798 800 801 803 805 806 808 809 812 814 
2015-02-11 12:00:09,817 823 825 826 832 837 840 841 844 845 848 849 852 853 
2015-02-11 12:00:47,818 819 820 821 822 824 827 828 829 830 831 833 834 835 836 838 839 843 846 847 850 851 854 
2015-02-13 12:00:00,856 859 862 865 868 870 872 873 874 875 884 887 889 892 895 896 
2015-02-13 12:00:30,855 857 858 860 861 863 864 866 867 869 871 876 877 878 879 880 881 882 883 885 886 888 890 891 893 894 897 898 899 900 
2015-02-16 12:00:03,904 907 915 917 918 920 922 923 924 925 929 930 931 934 938 942 943 944 945 948 956 960 968 970 976 
2015-02-16 12:00:31,901 902 903 905 906 908 909 910 911 912 913 914 916 919 921 926 927 928 932 933 935 936 937 939 941 946 947 949 950 951 952 953 954 955 957 958 959 961 963 964 966 967 969 971 972 
2015-02-20 10:20:24,985 986 987 988 989 990 991 992 993 995 997 998 1003 1004 1005 1007 1009 1013 1014 1017 1018 1022 1023 1025 1026 1027 1028 1029 
2015-02-20 10:20:39,994 996 999 1000 1001 1002 1006 1008 1010 1011 1012 1015 1016 1019 1020 1021 1024 
2015-02-23 12:00:08,1035 1036 1037 1038 1040 1041 1042 1043 1044 1045 1046 1047 1048 1052 1058 1060 1061 1062 1063 1064 1065 1066 1068 1069 1070 1072 1074 1075 1078 1079 1080 1084 1085 1086 1087 
2015-02-23 12:00:42,1030 1031 1032 1033 1034 1039 1049 1050 1051 1053 1054 1055 1056 1057 1059 1067 1071 1073 1076 1077 1081 1082 1083 1088 
2015-02-25 12:00:01,1093 1095 1102 1103 1104 1105 1106 1107 1108 1112 1113 1115 1116 1117 1118 1120 1121 1123 1125 1126 1127 1130 1131 1132 1134 1139 1142 1144 1145 
2015-02-25 12:00:34,1089 1090 1091 1092 1094 1096 1097 1098 1099 1100 1101 1109 1110 1111 1114 1119 1122 1124 1128 1129 1133 1135 1136 1137 1138 1140 1141 1143 1146 
2015-02-27 12:00:06,1147 1150 1151 1152 1153 1157 1158 1159 1160 1161 1162 1165 1166 1167 1168 1170 1171 1172 1173 1176 1177 1178 1180 1184 1185 1186 1187 
2015-02-27 12:00:35,1148 1149 1154 1155 1156 1163 1164 1169 1174 1175 1179 1181 1182 1183 1188 1189 1190 
2015-03-02 12:00:05,1195 1196 1201 1205 1220 1222 1223 1226 1227 1228 1229 1231 1232 1233 1234 1235 1239 1240 1241 1242 1243 1244 1245 1246 1247 1250 1251 1252 1256 1257 1259 1262 1263 1264 
2015-03-02 12:00:31,1191 1192 1193 1194 1197 1198 1199 1200 1202 1204 1206 1207 1208 1209 1210 1211 1212 1213 1214 1215 1216 1217 1218 1219 1221 1224 1225 1230 1236 1237 1238 1248 1249 1253 1254 1255 1258 1260 1261 1265 1266 
2015-03-04 14:27:25,1267 1268 1270 1271 1272 1279 1281 1284 1287 1296 1297 1303 1306 
2015-03-04 14:28:35,1269 1273 1274 1275 1276 1277 1278 1280 1282 1283 1285 1286 1288 1289 1290 1291 1292 1293 1294 1295 1298 1299 1300 1301 1302 1304 1305 
2015-03-07 08:02:57,1342 1384 1385 1387 1388 1396 1399 1405 1406 1407 1408 1409 
2015-03-07 08:12:36,1309 1351 1395 1404 
2015-03-07 16:03:54,1310 1313 1316 1318 1319 1320 1322 1323 1324 1325 1327 1328 1329 1336 1338 1339 1341 1343 1344 1345 1346 1347 1348 1349 1350 1352 1353 
2015-03-07 16:04:08,1311 1312 1314 1315 1317 1321 1326 1330 1331 1332 1333 1334 1335 1337 1340 
2015-03-09 12:00:12,1354 1355 1356 1358 1360 1361 1365 1366 1371 1372 1373 1374 1375 1379 1380 1381 1382 1383 1386 1389 1390 1392 1393 1397 1400 1401 1402 1415 1416 
2015-03-09 12:00:41,1357 1359 1362 1363 1364 1367 1368 1369 1370 1376 1377 1378 1391 1394 1398 1414 
2015-03-11 12:00:00,1411 1412 1417 1419 1420 1423 1426 1427 1429 1433 1435 1437 1438 
2015-03-11 12:00:26,1410 1413 1418 1421 1422 1424 1425 1428 1430 1431 1432 1434 1436 1583 
2015-03-23 15:51:58,1439 1440 1441 1442 1443 1444 1445 1446 1449 1452 1454 1455 1457 1458 1461 1464 1466 1467 1468 1469 1470 1472 1473 
2015-03-23 15:52:09,1447 1448 1450 1451 1453 1456 1459 1460 1462 1463 1465 1471 1644 1645 
2015-03-25 12:50:00,1474 1476 1477 1478 1479 1481 1483 1485 1486 1488 1489 1495 1496 1506 1507 1512 1513 1523 
2015-03-25 12:50:12,1475 1480 1482 1484 1487 1490 1491 1492 1493 1494 1497 1498 1499 1500 1501 1502 1503 1504 1505 1508 1509 1510 1511 1514 1515 1516 1517 1518 1519 1520 1521 1522 1524 1525 1526 1527 1528 1529 1530 
2015-03-28 08:00:16,1531 1532 1533 1534 1535 1536 1537 1538 1539 1542 1545 1550 1557 1558 1559 1560 1561 1562 1563 1567 1568 1571 1572 1578 1579 
2015-03-28 08:00:37,1540 1541 1543 1544 1546 1547 1548 1549 1551 1552 1553 1554 1555 1556 1564 1565 1566 1569 1570 1573 1574 1575 1576 1577 
2015-03-30 12:00:08,1599 1600 1601 1602 1604 1606 1607 1608 1609 1610 1611 1612 1614 1615 1618 1619 1620 1622 1623 1625 1628 
2015-03-30 12:00:41,1580 1581 1582 1584 1585 1586 1587 1588 1589 1590 1591 1592 1593 1594 1595 1596 1597 1598 1603 1605 1613 1616 1617 1621 1624 1626 1627 1629 1630 
2015-04-01 12:00:05,1632 1636 1637 1638 1639 1640 1642 1647 1654 1656 1657 1659 1660 1662 1673 1674 1675 1676 1677 1678 1679 
2015-04-01 12:00:35,1631 1633 1634 1635 1641 1643 1646 1648 1649 1650 1651 1652 1653 1655 1658 1661 1663 1664 1665 1666 1667 1668 1669 1670 1671 1672 1680 
2015-04-03 12:00:14,1688 1689 1690 1695 1696 1697 1698 1700 1701 1702 1703 1704 1705 1706 1707 1708 1709 1714 1715 1716 1720 1721 1723 1725 1726 
2015-04-03 12:00:39,1681 1682 1683 1684 1685 1686 1687 1691 1692 1693 1694 1699 1710 1711 1712 1713 1717 1718 1719 1722 1724 
2015-04-06 12:00:08,1728 1730 1733 1735 1736 1737 1740 1746 1780 1783 
2015-04-06 12:00:44,1727 1729 1731 1732 1734 1738 1739 1741 1742 1743 1744 1745 1747 1748 1749 1750 1751 1752 1753 1754 1755 1756 1757 1758 1759 1760 1761 1762 1763 1764 1765 1766 1767 1768 1769 1770 1771 1772 1773 1774 1775 1776 1777 1778 1779 1781 1782 
2015-04-08 12:00:05,1791 1794 1795 1796 1797 1799 1804 1805 1806 1807 1808 1809 1811 1813 1814 1815 1817 1818 1819 1820 1821 1824 1825 1826 1827 
2015-04-08 12:00:39,1784 1785 1786 1787 1788 1789 1790 1792 1793 1798 1800 1801 1802 1803 1810 1812 1816 1822 1823 
2015-04-13 12:00:07,1838 1839 1840 1842 1843 1844 1846 1847 1849 1850 1851 1861 1862 1863 1864 1866 1869 1870 1876 1877 
2015-04-13 12:00:19,1828 1829 1830 1831 1832 1833 1834 1835 1836 1837 1841 1845 1848 1852 1853 1854 1855 1856 1857 1858 1859 1860 1865 1867 1868 1871 1872 1873 1874 1878 
2015-04-15 12:00:23,1880 1882 1883 1884 1885 1889 1892 1894 1895 1900 1907 1908 1909 1910 
2015-04-15 12:00:54,1879 1881 1886 1887 1888 1890 1891 1893 1896 1897 1898 1899 1901 1902 1903 1904 1905 1906 
2015-04-16 08:11:23,1942 1944 1945 1968 1970 1971 1972 1976 1977 
2015-04-16 09:24:24,1943 1946 1966 1974 
2015-04-17 12:00:11,1912 1913 1914 1917 1919 1922 1927 1930 1931 1932 1933 1934 1938 1948 
2015-04-17 12:00:44,1911 1915 1916 1918 1920 1921 1923 1924 1925 1926 1928 1929 1935 1936 1937 1939 1940 1941 1947 1949 2112 
2015-04-20 12:00:05,1954 1955 1960 1962 1963 1964 1965 1967 1975 1978 1979 1980 1983 1988 1989 
2015-04-20 12:00:39,1950 1951 1952 1953 1956 1957 1958 1959 1961 1969 1973 1981 1982 1984 1985 1986 1987 
2015-04-24 12:00:30,1990 1991 1995 1998 2000 2002 2015 2016 2017 
2015-04-24 12:00:58,1992 1993 1994 1996 1997 1999 2001 2003 2004 2005 2006 2007 2008 2009 2010 2011 2012 2013 2014 2018 2019 2020 2021 2022 2118 
2015-04-27 12:00:23,2023 2024 2025 2026 2029 2030 2032 2033 2034 2035 2036 2037 2038 2043 2044 2050 2051 2052 2054 2055 2057 2058 2061 2062 2063 2064 2117 
2015-04-27 12:00:46,2027 2028 2031 2039 2040 2041 2042 2045 2046 2047 2048 2049 2053 2056 2059 2060 
2015-04-29 12:00:11,2065 2066 2067 2068 2069 2072 2073 2078 2079 2080 2081 2082 2083 2084 2085 2089 2090 2091 2092 2093 2098 2100 2102 2104 2105 2110 2111 2113 2115 2116 2120 
2015-04-29 12:00:32,2070 2071 2074 2075 2076 2077 2086 2087 2088 2094 2095 2096 2097 2099 2101 2103 2106 2107 2108 2109 2114 2119 2121 2122 
20@purdue.edu 127@purdue.edu 206@purdue.edu 206@purdue.edu 61@purdue.edu 32@purdue.edu 125@purdue.edu 5@purdue.edu 24@purdue.edu 24@purdue.edu 34@purdue.edu 142@purdue.edu 111@purdue.edu 111@purdue.edu 8@purdue.edu 76@purdue.edu 171@purdue.edu 171@purdue.edu 171@purdue.edu 182@purdue.edu 126@purdue.edu 233@purdue.edu 140@purdue.edu 214@purdue.edu 109@purdue.edu 10@purdue.edu 10@purdue.edu 181@purdue.edu 231@purdue.edu 181@purdue.edu 44@purdue.edu ,"2015-04-29 15:17:14,2015-04-29 15:30:11,2015-04-29 15:32:49,2015-04-29 15:35:27,2015-04-29 15:41:30,2015-04-29 16:55:22,2015-04-29 17:03:50,2015-04-29 21:26:12,2015-04-29 21:32:12,2015-04-29 21:44:57,2015-04-29 21:54:11,2015-04-29 22:02:30,2015-04-29 22:29:21,2015-04-29 22:29:41,2015-04-29 22:33:21,2015-04-30 14:54:38,2015-04-30 15:20:40,2015-04-30 15:21:41,2015-04-30 15:22:27,2015-04-30 20:27:52,2015-04-30 22:52:31,2015-04-30 23:39:46,2015-05-01 00:12:09,2015-05-01 01:08:30,2015-05-01 01:48:42,2015-05-01 10:49:03,2015-05-01 10:50:00,2015-05-01 12:57:17,2015-05-01 13:01:07,2015-05-01 13:01:29,2015-05-01 13:39:36,"
228@purdue.edu 95@purdue.edu 95@purdue.edu 165@purdue.edu 95@purdue.edu 172@purdue.edu 54@purdue.edu 133@purdue.edu 135@purdue.edu 76@purdue.edu 177@purdue.edu 77@purdue.edu 224@purdue.edu 110@purdue.edu 191@purdue.edu 79@purdue.edu 61@purdue.edu 91@purdue.edu 14@purdue.edu 82@purdue.edu 82@purdue.edu 148@purdue.edu 148@purdue.edu 206@purdue.edu 200@purdue.edu ,"2015-04-08 22:58:24,2015-04-09 00:03:26,2015-04-09 00:09:25,2015-04-09 00:20:14,2015-04-09 00:24:38,2015-04-09 01:31:03,2015-04-09 12:53:07,2015-04-09 13:10:44,2015-04-09 14:02:38,2015-04-09 14:10:00,2015-04-09 14:13:56,2015-04-09 16:45:08,2015-04-09 18:00:10,2015-04-09 19:57:30,2015-04-09 20:28:07,2015-04-09 20:55:31,2015-04-09 21:46:07,2015-04-09 22:19:21,2015-04-09 22:24:17,2015-04-09 22:34:52,2015-04-09 22:36:22,2015-04-09 23:29:32,2015-04-09 23:50:17,2015-04-10 00:34:28,2015-04-10 01:13:54,"
22@purdue.edu 77@purdue.edu 77@purdue.edu 179@purdue.edu 179@purdue.edu 179@purdue.edu 40@purdue.edu 95@purdue.edu 4@purdue.edu 95@purdue.edu 181@purdue.edu 151@purdue.edu 115@purdue.edu 165@purdue.edu 165@purdue.edu 14@purdue.edu 14@purdue.edu 18@purdue.edu 95@purdue.edu 135@purdue.edu 8@purdue.edu 8@purdue.edu 77@purdue.edu 61@purdue.edu 95@purdue.edu 134@purdue.edu 134@purdue.edu 134@purdue.edu 172@purdue.edu 222@purdue.edu ,"2015-04-13 12:42:34,2015-04-13 12:59:16,2015-04-13 13:08:06,2015-04-13 14:14:36,2015-04-13 14:17:04,2015-04-13 14:18:20,2015-04-13 14:23:57,2015-04-13 14:44:16,2015-04-13 14:48:39,2015-04-13 15:08:36,2015-04-13 15:47:13,2015-04-13 17:03:15,2015-04-13 17:40:38,2015-04-13 19:51:19,2015-04-13 19:52:17,2015-04-13 20:00:49,2015-04-13 20:01:19,2015-04-13 20:40:54,2015-04-13 23:19:24,2015-04-13 23:49:23,2015-04-14 09:33:49,2015-04-14 09:44:20,2015-04-14 12:32:52,2015-04-14 15:01:54,2015-04-14 16:04:32,2015-04-14 18:50:57,2015-04-14 18:52:13,2015-04-14 18:53:39,2015-04-14 20:38:43,2015-04-14 23:12:52,"
236@purdue.edu 122@purdue.edu 111@purdue.edu 95@purdue.edu 34@purdue.edu 34@purdue.edu 137@purdue.edu 34@purdue.edu 137@purdue.edu 111@purdue.edu 34@purdue.edu 111@purdue.edu 137@purdue.edu 95@purdue.edu 95@purdue.edu 214@purdue.edu 35@purdue.edu 37@purdue.edu 144@purdue.edu 52@purdue.edu 134@purdue.edu 109@purdue.edu 172@purdue.edu 233@purdue.edu 90@purdue.edu 163@purdue.edu 231@purdue.edu ,"2015-04-27 15:11:53,2015-04-27 16:34:06,2015-04-27 16:36:09,2015-04-27 17:04:43,2015-04-27 18:54:36,2015-04-27 18:56:06,2015-04-27 18:57:34,2015-04-27 18:59:44,2015-04-27 19:02:17,2015-04-27 19:02:58,2015-04-27 19:03:33,2015-04-27 19:04:23,2015-04-27 19:05:11,2015-04-27 22:05:56,2015-04-27 22:10:27,2015-04-28 11:48:08,2015-04-28 13:50:15,2015-04-28 15:54:32,2015-04-28 21:02:39,2015-04-28 21:45:38,2015-04-28 22:07:39,2015-04-28 23:50:56,2015-04-29 01:20:48,2015-04-29 01:24:41,2015-04-29 01:32:37,2015-04-29 08:10:47,2015-05-01 13:02:00,"
236@purdue.edu 64@purdue.edu 111@purdue.edu 219@purdue.edu 149@purdue.edu 102@purdue.edu 85@purdue.edu 213@purdue.edu 213@purdue.edu ,"2015-04-24 13:17:36,2015-04-24 13:55:20,2015-04-24 20:30:33,2015-04-24 23:37:15,2015-04-25 10:32:30,2015-04-25 17:20:39,2015-04-26 19:28:46,2015-04-26 20:53:15,2015-04-26 20:55:14,"
29@purdue.edu 30@purdue.edu 31@purdue.edu 31@purdue.edu 32@purdue.edu 33@purdue.edu 34@purdue.edu 35@purdue.edu 33@purdue.edu ,"2015-01-22 15:29:08,2015-01-27 11:41:47,2015-01-27 17:45:04,2015-01-27 17:45:59,2015-01-27 18:42:48,2015-01-27 19:14:53,2015-01-27 21:18:45,2015-01-27 22:14:21,2015-01-27 22:54:02,"
2@purdue.edu 3@purdue.edu ,"2015-01-14 01:45:56,2015-01-17 13:04:03,"
2@purdue.edu 4@purdue.edu 4@purdue.edu 5@purdue.edu 5@purdue.edu 4@purdue.edu 6@purdue.edu 7@purdue.edu 8@purdue.edu 9@purdue.edu 10@purdue.edu 11@purdue.edu 12@purdue.edu 13@purdue.edu 14@purdue.edu 15@purdue.edu 16@purdue.edu 17@purdue.edu 18@purdue.edu 19@purdue.edu 8@purdue.edu 20@purdue.edu 20@purdue.edu 19@purdue.edu 19@purdue.edu 21@purdue.edu 21@purdue.edu 22@purdue.edu 23@purdue.edu 24@purdue.edu 25@purdue.edu 12@purdue.edu 12@purdue.edu 25@purdue.edu 26@purdue.edu 12@purdue.edu 26@purdue.edu 27@purdue.edu 28@purdue.edu ,"2015-02-16 19:40:21,2015-02-17 20:10:05,2015-02-17 20:55:59,2015-02-17 23:03:19,2015-02-17 23:19:20,2015-02-18 10:53:09,2015-02-18 17:10:35,2015-02-18 17:42:20,2015-02-18 19:37:45,2015-02-18 19:42:21,2015-02-18 23:36:33,2015-02-19 12:44:44,2015-02-19 13:41:26,2015-03-02 14:37:38,2015-03-06 18:49:37,2015-03-06 20:52:15,2015-03-11 15:33:38,2015-05-01 21:36:56,2015-05-02 11:47:47,2015-05-02 16:45:59,2015-05-03 14:46:29,2015-05-03 15:42:43,2015-05-03 16:03:48,2015-05-03 17:36:33,2015-05-03 17:37:59,2015-05-03 21:26:57,2015-05-03 21:30:27,2015-05-03 21:34:09,2015-05-03 23:04:36,2015-05-04 12:43:51,2015-05-04 13:55:05,2015-05-04 14:01:21,2015-05-04 14:02:18,2015-05-04 14:02:23,2015-05-04 14:30:11,2015-05-04 14:44:47,2015-05-04 18:59:03,2015-05-04 20:00:55,2015-05-04 22:46:10,"
32@purdue.edu 92@purdue.edu 76@purdue.edu 93@purdue.edu 29@purdue.edu 71@purdue.edu 70@purdue.edu 94@purdue.edu 92@purdue.edu 92@purdue.edu 64@purdue.edu 61@purdue.edu 20@purdue.edu 26@purdue.edu 95@purdue.edu 95@purdue.edu 41@purdue.edu 32@purdue.edu 96@purdue.edu 97@purdue.edu 98@purdue.edu 52@purdue.edu 34@purdue.edu 99@purdue.edu 100@purdue.edu ,"2015-01-16 12:35:23,2015-01-16 16:22:40,2015-01-16 16:44:37,2015-01-17 13:15:19,2015-01-17 20:20:27,2015-01-18 12:29:29,2015-01-18 17:10:21,2015-01-18 18:44:19,2015-01-18 19:06:02,2015-01-18 19:08:08,2015-01-19 11:15:58,2015-01-19 13:06:32,2015-01-19 14:09:04,2015-01-19 14:16:40,2015-01-19 15:00:39,2015-01-19 15:23:42,2015-01-19 18:45:23,2015-01-19 19:50:00,2015-01-19 20:39:32,2015-01-19 21:52:10,2015-01-20 09:34:01,2015-01-20 10:44:34,2015-01-20 15:43:52,2015-01-20 21:10:26,2015-01-20 21:46:04,"
36@purdue.edu 37@purdue.edu 29@purdue.edu 12@purdue.edu ,"2015-01-17 15:11:02,2015-01-22 15:28:04,2015-01-27 19:24:49,2015-02-19 13:40:34,"
38@purdue.edu 39@purdue.edu 40@purdue.edu 41@purdue.edu 18@purdue.edu 38@purdue.edu 42@purdue.edu 43@purdue.edu 44@purdue.edu 45@purdue.edu 46@purdue.edu 47@purdue.edu 48@purdue.edu 49@purdue.edu 50@purdue.edu 51@purdue.edu 52@purdue.edu 34@purdue.edu 53@purdue.edu 54@purdue.edu 37@purdue.edu 55@purdue.edu 56@purdue.edu 34@purdue.edu ,"2015-01-12 09:36:38,2015-01-12 09:40:16,2015-01-12 13:25:48,2015-01-12 13:56:03,2015-01-12 14:47:16,2015-01-12 15:34:02,2015-01-12 17:05:33,2015-01-12 20:18:29,2015-01-12 21:00:57,2015-01-12 21:29:58,2015-01-12 21:59:03,2015-01-12 22:15:24,2015-01-12 22:15:49,2015-01-12 22:18:52,2015-01-12 23:47:27,2015-01-13 09:46:01,2015-01-13 10:15:22,2015-01-13 14:40:12,2015-01-13 15:06:47,2015-01-13 19:28:15,2015-01-13 20:40:10,2015-01-13 20:42:54,2015-01-13 21:01:04,2015-01-13 21:15:38,"
39@purdue.edu 84@purdue.edu 111@purdue.edu 127@purdue.edu 107@purdue.edu 80@purdue.edu 80@purdue.edu 127@purdue.edu 94@purdue.edu 94@purdue.edu 148@purdue.edu 160@purdue.edu 77@purdue.edu 64@purdue.edu 30@purdue.edu 70@purdue.edu 69@purdue.edu 52@purdue.edu 26@purdue.edu 52@purdue.edu 45@purdue.edu 68@purdue.edu 63@purdue.edu 161@purdue.edu ,"2015-02-06 15:15:47,2015-02-06 15:36:01,2015-02-06 17:53:04,2015-02-06 20:41:05,2015-02-06 21:33:40,2015-02-06 21:48:45,2015-02-06 22:04:49,2015-02-07 10:38:06,2015-02-07 10:44:14,2015-02-07 10:46:07,2015-02-07 12:30:12,2015-02-07 13:22:37,2015-02-07 13:26:13,2015-02-07 14:27:10,2015-02-07 14:55:54,2015-02-07 15:07:59,2015-02-07 17:10:14,2015-02-07 22:13:52,2015-02-07 22:48:58,2015-02-07 22:50:28,2015-02-08 10:26:00,2015-02-08 10:53:13,2015-02-08 17:03:24,2015-02-08 22:31:44,"
40@purdue.edu 177@purdue.edu 133@purdue.edu 98@purdue.edu 141@purdue.edu 130@purdue.edu 61@purdue.edu 130@purdue.edu 93@purdue.edu 64@purdue.edu 178@purdue.edu 178@purdue.edu 133@purdue.edu 76@purdue.edu 68@purdue.edu 68@purdue.edu 165@purdue.edu 50@purdue.edu 140@purdue.edu 51@purdue.edu 5@purdue.edu 163@purdue.edu 83@purdue.edu 10@purdue.edu 44@purdue.edu ,"2015-02-16 12:34:58,2015-02-16 13:07:55,2015-02-16 14:56:38,2015-02-16 15:14:46,2015-02-16 15:15:03,2015-02-16 15:17:53,2015-02-16 15:28:02,2015-02-16 15:28:53,2015-02-16 15:32:05,2015-02-16 15:37:51,2015-02-16 16:17:53,2015-02-16 16:18:55,2015-02-16 16:19:21,2015-02-16 16:38:07,2015-02-16 17:37:23,2015-02-16 21:29:40,2015-02-16 21:39:36,2015-02-16 23:26:29,2015-02-16 23:54:27,2015-02-17 09:12:02,2015-02-17 17:18:37,2015-02-17 18:46:48,2015-02-17 21:52:11,2015-02-17 22:28:54,2015-02-18 12:44:35,"
40@purdue.edu 177@purdue.edu 4@purdue.edu 61@purdue.edu 23@purdue.edu 137@purdue.edu 137@purdue.edu 195@purdue.edu 195@purdue.edu 187@purdue.edu 163@purdue.edu 153@purdue.edu 77@purdue.edu 77@purdue.edu 77@purdue.edu 72@purdue.edu 72@purdue.edu 109@purdue.edu 141@purdue.edu 101@purdue.edu 94@purdue.edu 95@purdue.edu 71@purdue.edu 165@purdue.edu 46@purdue.edu 72@purdue.edu 66@purdue.edu ,"2015-02-27 12:58:06,2015-02-27 14:34:04,2015-02-27 14:42:29,2015-02-27 15:18:55,2015-02-27 19:36:23,2015-02-28 03:53:53,2015-02-28 04:28:59,2015-02-28 11:16:03,2015-02-28 11:19:03,2015-02-28 11:42:47,2015-02-28 11:45:38,2015-02-28 17:28:09,2015-02-28 18:02:10,2015-02-28 18:08:10,2015-02-28 18:09:37,2015-02-28 18:50:42,2015-02-28 19:05:18,2015-02-28 23:01:58,2015-03-01 09:53:48,2015-03-01 13:27:43,2015-03-01 15:12:02,2015-03-01 15:34:12,2015-03-01 16:24:18,2015-03-01 19:39:18,2015-03-01 20:10:15,2015-03-01 22:11:43,2015-03-01 23:00:33,"
40@purdue.edu 31@purdue.edu 31@purdue.edu 18@purdue.edu 174@purdue.edu 31@purdue.edu 122@purdue.edu 122@purdue.edu 19@purdue.edu 38@purdue.edu 47@purdue.edu 38@purdue.edu 47@purdue.edu 38@purdue.edu 148@purdue.edu 85@purdue.edu 85@purdue.edu 163@purdue.edu 187@purdue.edu 187@purdue.edu 48@purdue.edu 109@purdue.edu 109@purdue.edu 50@purdue.edu ,"2015-02-23 13:10:34,2015-02-23 13:24:00,2015-02-23 13:24:54,2015-02-23 14:31:16,2015-02-23 14:39:15,2015-02-23 15:35:52,2015-02-23 17:46:59,2015-02-23 17:48:48,2015-02-23 17:53:17,2015-02-23 19:16:45,2015-02-23 19:56:44,2015-02-23 20:02:41,2015-02-23 20:12:16,2015-02-23 20:12:49,2015-02-23 20:56:07,2015-02-23 23:30:12,2015-02-24 00:06:15,2015-02-24 00:27:46,2015-02-24 15:30:10,2015-02-24 15:39:40,2015-02-24 20:12:49,2015-02-24 21:47:30,2015-02-24 21:51:31,2015-02-25 01:08:13,"
40@purdue.edu 64@purdue.edu 23@purdue.edu 70@purdue.edu 177@purdue.edu 195@purdue.edu 196@purdue.edu 72@purdue.edu 4@purdue.edu 48@purdue.edu 95@purdue.edu 44@purdue.edu 122@purdue.edu 197@purdue.edu 198@purdue.edu 199@purdue.edu 63@purdue.edu ,"2015-02-27 13:33:59,2015-02-27 14:28:50,2015-02-27 19:48:57,2015-02-27 20:14:29,2015-02-27 21:56:37,2015-02-28 11:54:34,2015-02-28 17:07:37,2015-02-28 18:44:24,2015-03-01 12:17:30,2015-03-01 12:51:06,2015-03-01 16:11:57,2015-03-01 16:47:48,2015-03-01 17:12:17,2015-03-01 19:10:53,2015-03-01 23:05:29,2015-03-01 23:37:14,2015-03-01 23:59:13,"
40@purdue.edu 86@purdue.edu 80@purdue.edu 18@purdue.edu 77@purdue.edu 95@purdue.edu 162@purdue.edu 64@purdue.edu 121@purdue.edu 48@purdue.edu 141@purdue.edu 148@purdue.edu 86@purdue.edu 73@purdue.edu 121@purdue.edu 163@purdue.edu 79@purdue.edu 139@purdue.edu 61@purdue.edu 61@purdue.edu 26@purdue.edu 61@purdue.edu 5@purdue.edu 134@purdue.edu ,"2015-02-09 13:13:50,2015-02-09 13:22:53,2015-02-09 14:06:47,2015-02-09 14:32:15,2015-02-09 14:45:13,2015-02-09 15:16:02,2015-02-09 15:42:42,2015-02-09 16:02:53,2015-02-09 18:21:04,2015-02-09 20:45:24,2015-02-09 21:16:13,2015-02-09 22:05:01,2015-02-09 22:32:02,2015-02-09 23:42:22,2015-02-10 12:20:29,2015-02-10 13:17:46,2015-02-10 15:38:15,2015-02-10 15:46:08,2015-02-10 17:08:09,2015-02-10 17:09:31,2015-02-10 17:28:56,2015-02-10 17:59:55,2015-02-10 20:03:41,2015-02-11 00:03:58,"
40@purdue.edu 95@purdue.edu 80@purdue.edu 95@purdue.edu 115@purdue.edu 76@purdue.edu 95@purdue.edu 164@purdue.edu 68@purdue.edu 165@purdue.edu 165@purdue.edu 40@purdue.edu 47@purdue.edu 45@purdue.edu 84@purdue.edu 77@purdue.edu 145@purdue.edu 166@purdue.edu 68@purdue.edu 46@purdue.edu 140@purdue.edu 63@purdue.edu 63@purdue.edu ,"2015-02-09 15:55:03,2015-02-09 16:07:09,2015-02-09 16:12:01,2015-02-09 16:36:06,2015-02-09 17:08:10,2015-02-09 17:08:14,2015-02-09 17:09:05,2015-02-09 17:19:44,2015-02-09 17:48:02,2015-02-09 20:02:27,2015-02-09 20:07:11,2015-02-09 20:49:45,2015-02-09 21:04:07,2015-02-10 00:19:03,2015-02-10 13:01:49,2015-02-10 15:43:03,2015-02-10 17:01:29,2015-02-10 17:14:26,2015-02-10 18:01:57,2015-02-10 19:18:43,2015-02-10 20:23:06,2015-02-11 00:46:29,2015-02-11 00:46:55,"
45@purdue.edu 115@purdue.edu 195@purdue.edu 45@purdue.edu 111@purdue.edu 219@purdue.edu 8@purdue.edu 219@purdue.edu 52@purdue.edu 34@purdue.edu 34@purdue.edu 169@purdue.edu 237@purdue.edu 237@purdue.edu 108@purdue.edu 95@purdue.edu 148@purdue.edu 95@purdue.edu 95@purdue.edu 213@purdue.edu 213@purdue.edu 132@purdue.edu 91@purdue.edu 11@purdue.edu 231@purdue.edu ,"2015-04-24 15:30:14,2015-04-24 17:15:57,2015-04-24 17:31:54,2015-04-24 20:58:34,2015-04-24 21:27:00,2015-04-25 00:20:44,2015-04-25 14:17:41,2015-04-25 17:36:59,2015-04-25 18:22:33,2015-04-25 20:04:51,2015-04-25 20:09:38,2015-04-25 20:20:40,2015-04-25 23:07:12,2015-04-25 23:07:55,2015-04-26 10:38:23,2015-04-26 15:40:17,2015-04-26 17:22:57,2015-04-26 18:43:42,2015-04-26 18:44:26,2015-04-26 21:51:30,2015-04-26 21:52:39,2015-04-27 00:02:41,2015-04-27 02:12:22,2015-04-27 05:32:14,2015-05-01 13:03:28,"
47@purdue.edu 47@purdue.edu 75@purdue.edu 101@purdue.edu 102@purdue.edu 43@purdue.edu 43@purdue.edu 27@purdue.edu 27@purdue.edu 27@purdue.edu 90@purdue.edu 91@purdue.edu 80@purdue.edu 90@purdue.edu 103@purdue.edu 104@purdue.edu 52@purdue.edu 52@purdue.edu 105@purdue.edu ,"2015-01-19 16:16:39,2015-01-19 16:17:10,2015-01-20 09:31:37,2015-01-20 14:54:32,2015-01-20 16:49:42,2015-01-20 17:29:30,2015-01-20 17:31:07,2015-01-20 18:30:49,2015-01-20 18:31:20,2015-01-20 18:39:59,2015-01-20 19:08:07,2015-01-20 19:09:17,2015-01-20 19:10:07,2015-01-20 19:17:28,2015-01-20 20:45:01,2015-01-20 21:22:58,2015-01-20 22:16:05,2015-01-20 22:16:41,2015-01-20 22:44:54,"
51@purdue.edu 93@purdue.edu 187@purdue.edu 34@purdue.edu 122@purdue.edu 48@purdue.edu 193@purdue.edu 95@purdue.edu 95@purdue.edu 95@purdue.edu 180@purdue.edu 194@purdue.edu 4@purdue.edu 114@purdue.edu 194@purdue.edu 50@purdue.edu 14@purdue.edu 34@purdue.edu 31@purdue.edu 160@purdue.edu 93@purdue.edu 130@purdue.edu 130@purdue.edu 54@purdue.edu 4@purdue.edu 176@purdue.edu 82@purdue.edu 50@purdue.edu 90@purdue.edu ,"2015-02-25 16:01:00,2015-02-25 16:07:58,2015-02-25 18:27:03,2015-02-25 19:04:30,2015-02-25 19:33:29,2015-02-25 20:11:26,2015-02-25 20:26:57,2015-02-25 21:08:57,2015-02-25 21:13:36,2015-02-25 21:54:48,2015-02-25 22:01:16,2015-02-25 22:13:48,2015-02-25 22:14:31,2015-02-25 22:14:53,2015-02-25 22:40:33,2015-02-26 01:28:35,2015-02-26 09:28:17,2015-02-26 13:20:46,2015-02-26 15:11:48,2015-02-26 15:14:20,2015-02-26 15:56:24,2015-02-26 17:26:54,2015-02-26 17:30:36,2015-02-26 17:52:47,2015-02-26 17:58:57,2015-02-26 21:05:35,2015-02-26 22:07:53,2015-02-27 00:03:50,2015-02-27 02:23:23,"
54@purdue.edu 179@purdue.edu 33@purdue.edu 83@purdue.edu 83@purdue.edu 33@purdue.edu 180@purdue.edu 180@purdue.edu 33@purdue.edu 51@purdue.edu 40@purdue.edu 40@purdue.edu 176@purdue.edu 151@purdue.edu 151@purdue.edu 80@purdue.edu 181@purdue.edu 80@purdue.edu 80@purdue.edu 182@purdue.edu 182@purdue.edu 34@purdue.edu 34@purdue.edu 32@purdue.edu 183@purdue.edu 50@purdue.edu 50@purdue.edu 82@purdue.edu ,"2015-02-20 12:08:02,2015-02-20 12:15:54,2015-02-20 13:28:57,2015-02-20 13:52:52,2015-02-20 14:23:24,2015-02-20 14:27:50,2015-02-20 14:41:43,2015-02-20 14:50:06,2015-02-20 15:35:40,2015-02-21 11:45:46,2015-02-21 13:11:38,2015-02-21 13:13:47,2015-02-21 16:12:01,2015-02-21 16:23:35,2015-02-21 16:50:10,2015-02-21 18:52:42,2015-02-21 19:41:42,2015-02-21 22:29:24,2015-02-21 22:32:48,2015-02-22 14:59:04,2015-02-22 15:10:15,2015-02-22 16:40:25,2015-02-22 17:01:14,2015-02-22 18:49:42,2015-02-22 19:20:08,2015-02-22 23:39:44,2015-02-22 23:42:45,2015-02-23 01:33:22,"
57@purdue.edu 57@purdue.edu 58@purdue.edu 59@purdue.edu 44@purdue.edu 60@purdue.edu 41@purdue.edu 52@purdue.edu 29@purdue.edu 29@purdue.edu 61@purdue.edu 42@purdue.edu 62@purdue.edu 29@purdue.edu 50@purdue.edu 63@purdue.edu 64@purdue.edu 65@purdue.edu 46@purdue.edu 66@purdue.edu 67@purdue.edu ,"2015-01-12 09:39:35,2015-01-12 09:54:34,2015-01-12 15:08:42,2015-01-12 20:24:31,2015-01-12 21:03:18,2015-01-12 22:23:39,2015-01-13 10:20:49,2015-01-13 10:51:27,2015-01-13 11:33:53,2015-01-13 11:38:14,2015-01-13 12:02:55,2015-01-13 13:57:17,2015-01-13 14:47:57,2015-01-13 15:17:41,2015-01-13 15:20:32,2015-01-13 17:11:58,2015-01-13 18:43:26,2015-01-13 19:26:18,2015-01-13 19:29:02,2015-01-13 20:09:14,2015-01-13 20:58:38,"
60@purdue.edu 131@purdue.edu 95@purdue.edu 131@purdue.edu 69@purdue.edu 135@purdue.edu 34@purdue.edu 40@purdue.edu 5@purdue.edu 136@purdue.edu 136@purdue.edu ,"2015-01-28 22:51:40,2015-01-28 23:51:54,2015-01-29 09:31:25,2015-01-29 11:39:25,2015-01-29 12:11:02,2015-01-29 15:10:49,2015-01-29 16:01:30,2015-01-29 19:48:57,2015-01-29 23:00:01,2015-01-29 23:49:55,2015-01-29 23:52:33,"
61@purdue.edu 157@purdue.edu 39@purdue.edu 84@purdue.edu 158@purdue.edu 158@purdue.edu 111@purdue.edu 111@purdue.edu 153@purdue.edu 107@purdue.edu 67@purdue.edu 47@purdue.edu 3@purdue.edu 30@purdue.edu 30@purdue.edu 159@purdue.edu 61@purdue.edu ,"2015-02-06 13:20:53,2015-02-06 15:02:41,2015-02-06 15:20:06,2015-02-06 15:34:27,2015-02-06 17:07:16,2015-02-06 17:07:59,2015-02-06 17:26:04,2015-02-06 17:28:03,2015-02-06 19:01:25,2015-02-06 20:51:55,2015-02-07 11:27:21,2015-02-07 12:33:51,2015-02-07 13:57:32,2015-02-07 14:49:36,2015-02-07 15:05:59,2015-02-07 17:15:43,2015-02-07 17:33:43,"
61@purdue.edu 168@purdue.edu 115@purdue.edu 5@purdue.edu 10@purdue.edu 39@purdue.edu 150@purdue.edu 39@purdue.edu 39@purdue.edu 141@purdue.edu 148@purdue.edu 10@purdue.edu 63@purdue.edu 10@purdue.edu 171@purdue.edu 172@purdue.edu ,"2015-02-13 15:58:25,2015-02-13 16:29:07,2015-02-13 17:33:37,2015-02-13 21:00:06,2015-02-14 02:10:11,2015-02-14 22:27:48,2015-02-14 23:54:53,2015-02-15 01:01:52,2015-02-15 01:02:25,2015-02-15 14:13:35,2015-02-15 16:43:55,2015-02-15 17:24:42,2015-02-15 18:51:48,2015-02-15 19:40:29,2015-02-15 21:54:25,2015-02-15 22:24:25,"
61@purdue.edu 168@purdue.edu 168@purdue.edu 67@purdue.edu 67@purdue.edu 169@purdue.edu 5@purdue.edu 10@purdue.edu 10@purdue.edu 153@purdue.edu 8@purdue.edu 20@purdue.edu 56@purdue.edu 56@purdue.edu 56@purdue.edu 56@purdue.edu 151@purdue.edu 148@purdue.edu 166@purdue.edu 63@purdue.edu 10@purdue.edu 63@purdue.edu 78@purdue.edu 153@purdue.edu 10@purdue.edu 20@purdue.edu 17@purdue.edu 170@purdue.edu 170@purdue.edu 129@purdue.edu ,"2015-02-13 15:57:29,2015-02-13 16:14:58,2015-02-13 16:15:25,2015-02-13 16:37:30,2015-02-13 17:19:13,2015-02-13 19:42:26,2015-02-13 20:42:24,2015-02-14 01:38:08,2015-02-14 01:38:37,2015-02-14 15:09:55,2015-02-14 22:48:23,2015-02-15 14:25:38,2015-02-15 14:41:21,2015-02-15 14:44:28,2015-02-15 14:45:35,2015-02-15 14:54:08,2015-02-15 15:09:48,2015-02-15 15:56:59,2015-02-15 16:41:35,2015-02-15 16:46:03,2015-02-15 17:24:07,2015-02-15 17:56:13,2015-02-15 19:07:42,2015-02-15 19:28:06,2015-02-15 19:41:24,2015-02-15 20:19:04,2015-02-15 23:24:13,2015-02-15 23:26:58,2015-02-15 23:30:59,2015-02-16 00:28:11,"
61@purdue.edu 175@purdue.edu 140@purdue.edu 83@purdue.edu 208@purdue.edu 177@purdue.edu 10@purdue.edu 95@purdue.edu 80@purdue.edu 109@purdue.edu 23@purdue.edu 34@purdue.edu 60@purdue.edu ,"2015-03-12 10:54:40,2015-03-12 12:20:25,2015-03-12 23:22:42,2015-03-13 14:58:18,2015-03-13 15:40:49,2015-03-14 10:15:57,2015-03-20 14:48:48,2015-03-20 18:03:32,2015-03-20 20:34:01,2015-03-21 19:02:56,2015-03-22 15:27:34,2015-03-22 18:04:42,2015-03-22 23:09:48,"
61@purdue.edu 34@purdue.edu 172@purdue.edu 208@purdue.edu 160@purdue.edu 32@purdue.edu 10@purdue.edu 95@purdue.edu 95@purdue.edu 95@purdue.edu 95@purdue.edu 42@purdue.edu 12@purdue.edu 215@purdue.edu ,"2015-03-12 10:52:57,2015-03-12 14:09:41,2015-03-13 00:38:25,2015-03-13 15:56:56,2015-03-13 16:10:47,2015-03-19 20:02:20,2015-03-20 14:46:52,2015-03-20 20:21:43,2015-03-21 15:53:34,2015-03-21 15:53:58,2015-03-21 18:47:38,2015-03-22 12:29:55,2015-03-22 15:59:41,2015-03-30 18:47:52,"
68@purdue.edu 34@purdue.edu 69@purdue.edu 69@purdue.edu 52@purdue.edu 62@purdue.edu 70@purdue.edu 62@purdue.edu 47@purdue.edu 67@purdue.edu 71@purdue.edu 52@purdue.edu 18@purdue.edu 50@purdue.edu 72@purdue.edu 61@purdue.edu 73@purdue.edu 74@purdue.edu 30@purdue.edu 30@purdue.edu 30@purdue.edu 75@purdue.edu 76@purdue.edu 77@purdue.edu 77@purdue.edu 76@purdue.edu 78@purdue.edu 79@purdue.edu 31@purdue.edu 31@purdue.edu 68@purdue.edu 80@purdue.edu 81@purdue.edu 82@purdue.edu 78@purdue.edu 78@purdue.edu 83@purdue.edu 84@purdue.edu ,"2015-01-14 19:18:38,2015-01-14 19:46:48,2015-01-14 20:00:20,2015-01-14 20:01:30,2015-01-14 21:12:32,2015-01-14 21:20:28,2015-01-14 21:22:05,2015-01-14 21:24:30,2015-01-14 21:30:26,2015-01-14 21:36:47,2015-01-14 22:02:47,2015-01-14 22:47:10,2015-01-15 00:02:44,2015-01-15 01:58:19,2015-01-15 10:07:23,2015-01-15 10:17:58,2015-01-15 12:00:37,2015-01-15 12:33:19,2015-01-15 12:39:53,2015-01-15 12:49:20,2015-01-15 13:01:41,2015-01-15 14:38:56,2015-01-15 14:52:31,2015-01-15 16:12:00,2015-01-15 16:17:26,2015-01-15 16:22:41,2015-01-15 17:30:16,2015-01-15 17:31:37,2015-01-15 17:53:07,2015-01-15 18:06:29,2015-01-15 18:30:02,2015-01-15 18:56:39,2015-01-15 19:22:02,2015-01-15 20:33:01,2015-01-15 20:51:23,2015-01-15 20:58:58,2015-01-15 22:01:19,2015-01-15 22:23:32,"
73@purdue.edu 64@purdue.edu 61@purdue.edu 101@purdue.edu 150@purdue.edu 81@purdue.edu 18@purdue.edu 89@purdue.edu 89@purdue.edu 7@purdue.edu 7@purdue.edu 151@purdue.edu 152@purdue.edu 125@purdue.edu 27@purdue.edu 147@purdue.edu 137@purdue.edu 149@purdue.edu ,"2015-02-02 13:41:05,2015-02-02 14:36:31,2015-02-02 14:58:26,2015-02-02 15:21:36,2015-02-02 16:08:24,2015-02-02 20:10:17,2015-02-02 22:52:58,2015-02-03 09:52:39,2015-02-03 09:56:32,2015-02-03 13:08:47,2015-02-03 13:15:29,2015-02-03 14:09:58,2015-02-03 16:06:23,2015-02-03 17:02:37,2015-02-03 18:06:53,2015-02-03 18:19:03,2015-02-03 19:35:50,2015-02-03 21:58:17,"
76@purdue.edu 173@purdue.edu 40@purdue.edu 173@purdue.edu 76@purdue.edu 18@purdue.edu 133@purdue.edu 172@purdue.edu 4@purdue.edu 133@purdue.edu 4@purdue.edu 98@purdue.edu 130@purdue.edu 93@purdue.edu 68@purdue.edu 174@purdue.edu 141@purdue.edu 50@purdue.edu 76@purdue.edu 50@purdue.edu 50@purdue.edu 108@purdue.edu 164@purdue.edu 131@purdue.edu 165@purdue.edu 23@purdue.edu 23@purdue.edu 51@purdue.edu 83@purdue.edu 175@purdue.edu 77@purdue.edu 176@purdue.edu 134@purdue.edu 134@purdue.edu 134@purdue.edu 163@purdue.edu 155@purdue.edu 139@purdue.edu 78@purdue.edu 83@purdue.edu 75@purdue.edu 75@purdue.edu 10@purdue.edu 56@purdue.edu 56@purdue.edu ,"2015-02-16 12:08:52,2015-02-16 12:12:05,2015-02-16 12:33:05,2015-02-16 12:40:10,2015-02-16 12:41:29,2015-02-16 13:17:38,2015-02-16 13:42:20,2015-02-16 13:46:45,2015-02-16 14:29:21,2015-02-16 14:30:14,2015-02-16 14:34:09,2015-02-16 14:46:54,2015-02-16 15:04:05,2015-02-16 15:15:35,2015-02-16 15:22:07,2015-02-16 15:45:07,2015-02-16 16:03:33,2015-02-16 16:14:39,2015-02-16 16:32:53,2015-02-16 16:33:13,2015-02-16 16:43:21,2015-02-16 17:21:37,2015-02-16 17:26:32,2015-02-16 18:40:30,2015-02-16 21:24:09,2015-02-17 00:02:48,2015-02-17 00:08:38,2015-02-17 09:15:45,2015-02-17 11:19:18,2015-02-17 15:33:28,2015-02-17 16:21:51,2015-02-17 16:59:42,2015-02-17 17:14:36,2015-02-17 17:17:56,2015-02-17 17:32:38,2015-02-17 18:27:27,2015-02-17 18:29:47,2015-02-17 18:52:38,2015-02-17 20:25:07,2015-02-17 20:53:13,2015-02-17 21:18:53,2015-02-17 21:19:54,2015-02-17 22:27:16,2015-02-17 22:35:12,2015-02-17 22:46:02,"
77@purdue.edu 195@purdue.edu 111@purdue.edu 34@purdue.edu 83@purdue.edu 219@purdue.edu 77@purdue.edu 95@purdue.edu 142@purdue.edu 18@purdue.edu 18@purdue.edu 214@purdue.edu 46@purdue.edu 63@purdue.edu 172@purdue.edu 233@purdue.edu ,"2015-04-27 18:07:38,2015-04-27 18:20:26,2015-04-27 18:56:40,2015-04-27 19:29:52,2015-04-27 19:41:35,2015-04-27 20:47:05,2015-04-27 21:24:07,2015-04-27 23:43:52,2015-04-28 00:02:17,2015-04-28 00:24:46,2015-04-28 00:25:41,2015-04-28 11:46:28,2015-04-28 20:13:37,2015-04-28 21:50:39,2015-04-29 00:56:55,2015-04-29 01:20:07,"
77@purdue.edu 40@purdue.edu 206@purdue.edu 80@purdue.edu 52@purdue.edu 34@purdue.edu 80@purdue.edu 20@purdue.edu 34@purdue.edu 64@purdue.edu 52@purdue.edu 107@purdue.edu 180@purdue.edu 196@purdue.edu 32@purdue.edu 32@purdue.edu 77@purdue.edu 79@purdue.edu 76@purdue.edu 79@purdue.edu 122@purdue.edu 108@purdue.edu 32@purdue.edu 50@purdue.edu 213@purdue.edu ,"2015-03-28 12:45:49,2015-03-28 14:26:11,2015-03-28 14:38:53,2015-03-28 14:41:02,2015-03-28 15:11:06,2015-03-28 15:18:19,2015-03-28 15:21:19,2015-03-28 15:27:21,2015-03-28 15:29:35,2015-03-28 17:04:40,2015-03-28 17:22:21,2015-03-28 18:28:58,2015-03-29 01:43:24,2015-03-29 11:50:11,2015-03-29 12:05:34,2015-03-29 12:08:30,2015-03-29 12:25:55,2015-03-29 13:37:34,2015-03-29 14:25:18,2015-03-29 14:59:01,2015-03-29 15:04:31,2015-03-29 16:22:57,2015-03-29 17:47:11,2015-03-30 00:12:49,2015-03-30 09:29:13,"
77@purdue.edu 85@purdue.edu 86@purdue.edu 87@purdue.edu 87@purdue.edu 88@purdue.edu 31@purdue.edu 89@purdue.edu 31@purdue.edu 31@purdue.edu 80@purdue.edu 46@purdue.edu 34@purdue.edu 84@purdue.edu 84@purdue.edu 90@purdue.edu 91@purdue.edu ,"2015-01-15 16:33:12,2015-01-15 17:07:09,2015-01-15 17:42:11,2015-01-15 17:43:47,2015-01-15 17:45:40,2015-01-15 17:59:08,2015-01-15 18:34:51,2015-01-15 18:40:25,2015-01-15 18:45:10,2015-01-15 18:46:33,2015-01-15 19:16:18,2015-01-15 19:45:57,2015-01-15 19:55:44,2015-01-15 22:42:06,2015-01-15 22:42:36,2015-01-15 23:55:24,2015-01-16 00:11:01,"
78@purdue.edu 81@purdue.edu 181@purdue.edu 78@purdue.edu 61@purdue.edu 78@purdue.edu 200@purdue.edu 95@purdue.edu 64@purdue.edu 133@purdue.edu 93@purdue.edu 80@purdue.edu 50@purdue.edu 201@purdue.edu 122@purdue.edu 115@purdue.edu 4@purdue.edu 4@purdue.edu 93@purdue.edu 93@purdue.edu 179@purdue.edu 142@purdue.edu 151@purdue.edu 202@purdue.edu 156@purdue.edu 181@purdue.edu 181@purdue.edu 12@purdue.edu 165@purdue.edu 165@purdue.edu 165@purdue.edu 118@purdue.edu 118@purdue.edu 153@purdue.edu 203@purdue.edu 48@purdue.edu 204@purdue.edu 82@purdue.edu 90@purdue.edu 42@purdue.edu 205@purdue.edu ,"2015-03-02 12:17:41,2015-03-02 12:24:21,2015-03-02 12:33:11,2015-03-02 12:34:05,2015-03-02 12:49:55,2015-03-02 12:52:47,2015-03-02 13:33:30,2015-03-02 13:56:53,2015-03-02 14:26:25,2015-03-02 14:38:15,2015-03-02 15:24:54,2015-03-02 15:31:19,2015-03-02 15:41:16,2015-03-02 15:41:57,2015-03-02 15:42:59,2015-03-02 15:48:39,2015-03-02 15:49:08,2015-03-02 15:50:06,2015-03-02 15:54:43,2015-03-02 15:55:04,2015-03-02 15:57:35,2015-03-02 15:57:55,2015-03-02 15:59:21,2015-03-02 16:01:43,2015-03-02 16:16:05,2015-03-02 16:26:45,2015-03-02 16:27:47,2015-03-02 16:51:35,2015-03-02 19:11:48,2015-03-02 19:13:18,2015-03-02 19:15:27,2015-03-02 22:58:39,2015-03-02 23:00:00,2015-03-03 14:00:36,2015-03-03 16:36:33,2015-03-03 20:15:21,2015-03-03 22:08:31,2015-03-04 00:13:37,2015-03-04 02:22:55,2015-03-04 13:02:44,2015-03-04 13:28:51,"
80@purdue.edu 101@purdue.edu 101@purdue.edu 12@purdue.edu 12@purdue.edu 64@purdue.edu 64@purdue.edu 200@purdue.edu 115@purdue.edu 131@purdue.edu 221@purdue.edu 211@purdue.edu 36@purdue.edu 107@purdue.edu 76@purdue.edu 126@purdue.edu 126@purdue.edu 122@purdue.edu 10@purdue.edu 34@purdue.edu 209@purdue.edu 221@purdue.edu 37@purdue.edu 25@purdue.edu ,"2015-03-28 15:30:16,2015-03-28 17:03:49,2015-03-28 17:06:25,2015-03-28 17:17:17,2015-03-28 17:27:30,2015-03-28 17:49:25,2015-03-28 17:50:36,2015-03-28 18:25:41,2015-03-28 20:25:24,2015-03-28 21:49:36,2015-03-28 21:57:16,2015-03-28 21:57:20,2015-03-28 21:58:08,2015-03-28 22:16:46,2015-03-29 14:37:22,2015-03-29 14:51:10,2015-03-29 14:55:24,2015-03-29 15:27:45,2015-03-29 15:32:49,2015-03-29 19:48:57,2015-03-29 20:03:40,2015-03-29 20:16:29,2015-03-29 20:24:23,2015-03-30 00:04:56,"
84@purdue.edu 61@purdue.edu 92@purdue.edu 135@purdue.edu 40@purdue.edu 73@purdue.edu 64@purdue.edu 43@purdue.edu 77@purdue.edu 137@purdue.edu 102@purdue.edu 47@purdue.edu 47@purdue.edu 36@purdue.edu 138@purdue.edu 139@purdue.edu 76@purdue.edu 43@purdue.edu 140@purdue.edu 141@purdue.edu 63@purdue.edu 63@purdue.edu 27@purdue.edu 142@purdue.edu 125@purdue.edu 143@purdue.edu 144@purdue.edu 60@purdue.edu 82@purdue.edu ,"2015-01-30 13:31:41,2015-01-30 15:07:00,2015-01-30 16:10:50,2015-01-30 17:28:29,2015-01-31 13:12:01,2015-01-31 13:48:33,2015-01-31 14:43:14,2015-01-31 17:30:37,2015-01-31 17:39:34,2015-01-31 18:02:47,2015-01-31 18:09:03,2015-01-31 20:14:49,2015-01-31 20:32:49,2015-01-31 23:28:35,2015-02-01 11:46:26,2015-02-01 13:02:21,2015-02-01 13:14:09,2015-02-01 14:01:18,2015-02-01 14:10:00,2015-02-01 16:27:27,2015-02-01 17:27:58,2015-02-01 17:28:49,2015-02-01 18:30:45,2015-02-01 19:31:59,2015-02-01 23:18:58,2015-02-01 23:51:38,2015-02-02 00:00:52,2015-02-02 00:33:07,2015-02-02 01:33:08,"
84@purdue.edu 80@purdue.edu 106@purdue.edu 106@purdue.edu 92@purdue.edu 92@purdue.edu 135@purdue.edu 52@purdue.edu 114@purdue.edu 40@purdue.edu 34@purdue.edu 93@purdue.edu 145@purdue.edu 145@purdue.edu 71@purdue.edu 71@purdue.edu 77@purdue.edu 36@purdue.edu 49@purdue.edu 146@purdue.edu ,"2015-01-30 13:34:17,2015-01-30 16:22:06,2015-01-30 16:25:00,2015-01-30 16:45:34,2015-01-30 16:47:36,2015-01-30 16:53:51,2015-01-30 21:04:48,2015-01-31 10:04:00,2015-01-31 12:04:47,2015-01-31 13:16:14,2015-01-31 17:08:33,2015-01-31 19:13:58,2015-01-31 21:37:28,2015-01-31 21:40:10,2015-02-01 13:17:39,2015-02-01 13:24:13,2015-02-01 13:27:22,2015-02-01 16:11:29,2015-02-02 01:38:06,2015-02-02 12:56:49,"
92@purdue.edu 117@purdue.edu 118@purdue.edu 67@purdue.edu 93@purdue.edu 118@purdue.edu 34@purdue.edu 113@purdue.edu 50@purdue.edu 75@purdue.edu 119@purdue.edu 50@purdue.edu 119@purdue.edu 78@purdue.edu 48@purdue.edu ,"2015-01-23 17:57:30,2015-01-23 19:28:55,2015-01-24 11:19:32,2015-01-24 12:12:21,2015-01-24 12:16:14,2015-01-24 14:13:45,2015-01-24 16:43:53,2015-01-24 20:56:34,2015-01-25 15:46:19,2015-01-25 15:56:10,2015-01-25 16:25:01,2015-01-25 16:25:58,2015-01-25 16:58:38,2015-01-25 19:57:47,2015-01-25 20:19:10,"
95@purdue.edu 106@purdue.edu 97@purdue.edu 97@purdue.edu 106@purdue.edu 107@purdue.edu 108@purdue.edu 109@purdue.edu 50@purdue.edu 50@purdue.edu 110@purdue.edu 27@purdue.edu 49@purdue.edu 111@purdue.edu 63@purdue.edu 63@purdue.edu 112@purdue.edu 113@purdue.edu ,"2015-01-21 15:16:47,2015-01-21 15:34:14,2015-01-21 16:02:07,2015-01-21 16:03:18,2015-01-21 16:19:43,2015-01-21 16:33:07,2015-01-21 16:56:34,2015-01-21 19:16:01,2015-01-22 01:54:54,2015-01-22 01:56:52,2015-01-22 14:22:39,2015-01-22 17:25:03,2015-01-22 21:29:04,2015-01-22 22:08:22,2015-01-22 22:20:18,2015-01-22 22:21:45,2015-01-22 22:54:03,2015-01-23 01:00:21,"
95@purdue.edu 115@purdue.edu 153@purdue.edu 107@purdue.edu 156@purdue.edu 93@purdue.edu 96@purdue.edu 41@purdue.edu 98@purdue.edu 146@purdue.edu 112@purdue.edu 47@purdue.edu 109@purdue.edu 82@purdue.edu 78@purdue.edu 49@purdue.edu ,"2015-02-04 15:08:19,2015-02-04 16:45:18,2015-02-04 17:51:08,2015-02-04 17:51:28,2015-02-04 18:21:42,2015-02-04 21:05:00,2015-02-04 22:40:29,2015-02-05 13:30:55,2015-02-05 15:35:16,2015-02-05 16:21:15,2015-02-05 19:45:24,2015-02-05 20:10:57,2015-02-05 21:27:25,2015-02-05 23:31:00,2015-02-05 23:59:30,2015-02-06 01:00:03,"
95@purdue.edu 127@purdue.edu 208@purdue.edu 26@purdue.edu 108@purdue.edu 127@purdue.edu 165@purdue.edu 127@purdue.edu 133@purdue.edu 149@purdue.edu 148@purdue.edu 133@purdue.edu 133@purdue.edu 133@purdue.edu 211@purdue.edu 211@purdue.edu 211@purdue.edu 76@purdue.edu 211@purdue.edu 91@purdue.edu 222@purdue.edu ,"2015-04-01 15:11:29,2015-04-01 17:10:30,2015-04-01 17:35:00,2015-04-01 17:44:44,2015-04-01 18:07:00,2015-04-01 18:24:04,2015-04-01 19:46:18,2015-04-01 20:54:34,2015-04-02 09:37:29,2015-04-02 10:05:04,2015-04-02 10:05:43,2015-04-02 10:10:49,2015-04-02 10:12:30,2015-04-02 10:15:47,2015-04-02 21:59:21,2015-04-02 22:04:30,2015-04-02 22:23:02,2015-04-02 22:56:10,2015-04-02 23:35:49,2015-04-03 01:04:36,2015-04-03 01:16:05,"
95@purdue.edu 128@purdue.edu 127@purdue.edu 107@purdue.edu 165@purdue.edu 95@purdue.edu 95@purdue.edu 95@purdue.edu 64@purdue.edu 95@purdue.edu 95@purdue.edu 148@purdue.edu 45@purdue.edu 89@purdue.edu 187@purdue.edu 187@purdue.edu 187@purdue.edu 33@purdue.edu 135@purdue.edu 64@purdue.edu 95@purdue.edu 208@purdue.edu 148@purdue.edu 148@purdue.edu 34@purdue.edu 110@purdue.edu 11@purdue.edu ,"2015-04-01 14:09:11,2015-04-01 15:47:55,2015-04-01 16:24:38,2015-04-01 16:56:02,2015-04-01 19:00:56,2015-04-01 19:51:02,2015-04-01 20:43:20,2015-04-01 21:10:04,2015-04-01 21:24:53,2015-04-01 21:30:03,2015-04-01 21:34:14,2015-04-01 23:18:43,2015-04-02 08:48:46,2015-04-02 10:04:01,2015-04-02 10:05:48,2015-04-02 10:13:29,2015-04-02 10:21:19,2015-04-02 12:54:59,2015-04-02 14:31:39,2015-04-02 15:28:17,2015-04-02 17:12:28,2015-04-02 17:54:07,2015-04-02 17:54:23,2015-04-02 17:58:12,2015-04-02 20:41:48,2015-04-02 20:47:51,2015-04-03 02:25:23,"
95@purdue.edu 133@purdue.edu 68@purdue.edu 95@purdue.edu 76@purdue.edu 95@purdue.edu 93@purdue.edu 93@purdue.edu 133@purdue.edu 34@purdue.edu 72@purdue.edu 18@purdue.edu 214@purdue.edu 63@purdue.edu 210@purdue.edu 125@purdue.edu ,"2015-03-09 15:53:37,2015-03-09 16:02:31,2015-03-09 16:26:16,2015-03-09 16:28:51,2015-03-09 16:30:09,2015-03-09 16:56:58,2015-03-09 18:14:50,2015-03-09 18:16:50,2015-03-09 18:21:51,2015-03-09 23:01:53,2015-03-09 23:42:05,2015-03-09 23:51:42,2015-03-10 21:21:07,2015-03-10 22:28:30,2015-03-11 00:28:28,2015-03-12 18:24:35,"
95@purdue.edu 150@purdue.edu 95@purdue.edu 133@purdue.edu 150@purdue.edu 95@purdue.edu 104@purdue.edu 76@purdue.edu 133@purdue.edu 165@purdue.edu 148@purdue.edu 159@purdue.edu 159@purdue.edu 34@purdue.edu 52@purdue.edu 148@purdue.edu 72@purdue.edu 139@purdue.edu 206@purdue.edu 12@purdue.edu 214@purdue.edu 63@purdue.edu 82@purdue.edu 210@purdue.edu 11@purdue.edu 11@purdue.edu 71@purdue.edu 23@purdue.edu 42@purdue.edu ,"2015-03-09 14:59:36,2015-03-09 15:10:39,2015-03-09 15:27:26,2015-03-09 16:00:39,2015-03-09 16:05:46,2015-03-09 16:21:26,2015-03-09 16:36:03,2015-03-09 16:44:48,2015-03-09 18:23:35,2015-03-09 18:57:57,2015-03-09 19:49:48,2015-03-09 22:31:43,2015-03-09 22:32:04,2015-03-10 00:10:19,2015-03-10 09:49:15,2015-03-10 10:31:50,2015-03-10 12:35:08,2015-03-10 14:43:25,2015-03-10 20:26:33,2015-03-10 21:04:06,2015-03-10 21:20:00,2015-03-10 21:50:49,2015-03-10 22:20:08,2015-03-11 00:27:48,2015-03-11 03:30:33,2015-03-11 03:33:54,2015-03-11 11:24:58,2015-03-12 21:50:15,2015-03-12 21:50:30,"
95@purdue.edu 171@purdue.edu 148@purdue.edu 179@purdue.edu 52@purdue.edu 77@purdue.edu 125@purdue.edu 186@purdue.edu 95@purdue.edu 95@purdue.edu 14@purdue.edu 76@purdue.edu 52@purdue.edu 20@purdue.edu 31@purdue.edu 31@purdue.edu 83@purdue.edu 52@purdue.edu 134@purdue.edu 131@purdue.edu 12@purdue.edu ,"2015-03-31 11:05:42,2015-03-31 12:04:52,2015-03-31 12:23:11,2015-03-31 12:43:22,2015-03-31 13:10:37,2015-03-31 14:09:07,2015-03-31 14:29:13,2015-03-31 14:34:30,2015-03-31 14:38:12,2015-03-31 14:38:43,2015-03-31 15:04:22,2015-03-31 15:49:36,2015-03-31 18:11:11,2015-03-31 19:00:10,2015-03-31 19:54:25,2015-03-31 20:04:10,2015-03-31 20:19:46,2015-03-31 20:39:33,2015-03-31 20:44:12,2015-03-31 22:50:50,2015-04-01 00:38:03,"
95@purdue.edu 179@purdue.edu 76@purdue.edu 95@purdue.edu 219@purdue.edu 95@purdue.edu 68@purdue.edu 104@purdue.edu 68@purdue.edu 18@purdue.edu 195@purdue.edu 174@purdue.edu 174@purdue.edu 125@purdue.edu 40@purdue.edu 148@purdue.edu 163@purdue.edu 20@purdue.edu 209@purdue.edu 50@purdue.edu 110@purdue.edu 191@purdue.edu 191@purdue.edu 33@purdue.edu 10@purdue.edu 10@purdue.edu 95@purdue.edu 169@purdue.edu 95@purdue.edu 95@purdue.edu 220@purdue.edu 10@purdue.edu 171@purdue.edu 171@purdue.edu 171@purdue.edu 171@purdue.edu 217@purdue.edu 217@purdue.edu 74@purdue.edu ,"2015-03-25 13:24:00,2015-03-25 14:49:04,2015-03-25 15:04:39,2015-03-25 15:14:47,2015-03-25 15:50:54,2015-03-25 16:25:34,2015-03-25 16:38:43,2015-03-25 16:43:25,2015-03-25 16:50:38,2015-03-25 16:52:04,2015-03-25 18:42:57,2015-03-25 19:03:50,2015-03-25 19:04:41,2015-03-25 19:05:36,2015-03-25 19:34:20,2015-03-25 20:12:47,2015-03-25 20:26:36,2015-03-25 20:48:15,2015-03-25 22:58:25,2015-03-26 01:40:03,2015-03-26 09:48:29,2015-03-26 12:15:17,2015-03-26 12:25:12,2015-03-26 14:28:22,2015-03-26 15:10:00,2015-03-26 15:14:26,2015-03-26 16:43:59,2015-03-26 16:53:20,2015-03-26 16:57:47,2015-03-26 17:04:08,2015-03-26 19:25:00,2015-03-26 23:08:31,2015-03-27 02:21:32,2015-03-27 02:43:50,2015-03-27 02:47:10,2015-03-27 02:47:42,2015-03-27 03:24:34,2015-03-27 03:34:24,2015-03-27 07:00:01,"
95@purdue.edu 20@purdue.edu 95@purdue.edu 78@purdue.edu 179@purdue.edu 17@purdue.edu 218@purdue.edu 219@purdue.edu 83@purdue.edu 18@purdue.edu 43@purdue.edu 77@purdue.edu 218@purdue.edu 126@purdue.edu 50@purdue.edu 10@purdue.edu 10@purdue.edu 171@purdue.edu ,"2015-03-25 13:18:28,2015-03-25 13:26:49,2015-03-25 13:41:46,2015-03-25 13:47:34,2015-03-25 14:18:10,2015-03-25 15:03:43,2015-03-25 15:08:32,2015-03-25 15:29:39,2015-03-25 15:31:58,2015-03-25 16:16:29,2015-03-25 16:22:53,2015-03-25 17:21:04,2015-03-25 17:27:15,2015-03-26 00:43:23,2015-03-26 00:49:38,2015-03-26 12:59:22,2015-03-26 13:00:59,2015-03-27 01:19:47,"
95@purdue.edu 223@purdue.edu 148@purdue.edu 108@purdue.edu 115@purdue.edu 108@purdue.edu 209@purdue.edu 95@purdue.edu 213@purdue.edu 10@purdue.edu ,"2015-04-06 14:30:37,2015-04-06 15:34:30,2015-04-06 16:02:56,2015-04-06 16:17:44,2015-04-06 16:18:42,2015-04-06 16:20:56,2015-04-06 17:13:12,2015-04-06 20:40:23,2015-04-08 00:11:09,2015-04-08 10:56:39,"
95@purdue.edu 223@purdue.edu 148@purdue.edu 108@purdue.edu 39@purdue.edu 165@purdue.edu 209@purdue.edu 165@purdue.edu 39@purdue.edu 39@purdue.edu 125@purdue.edu 95@purdue.edu 58@purdue.edu 63@purdue.edu 224@purdue.edu 165@purdue.edu 14@purdue.edu 79@purdue.edu 58@purdue.edu 52@purdue.edu 79@purdue.edu 150@purdue.edu 77@purdue.edu 77@purdue.edu 52@purdue.edu 209@purdue.edu 77@purdue.edu 33@purdue.edu 82@purdue.edu 225@purdue.edu 82@purdue.edu 82@purdue.edu 82@purdue.edu 115@purdue.edu 26@purdue.edu 225@purdue.edu 95@purdue.edu 82@purdue.edu 95@purdue.edu 82@purdue.edu 55@purdue.edu 95@purdue.edu 95@purdue.edu 144@purdue.edu 213@purdue.edu 172@purdue.edu 50@purdue.edu ,"2015-04-06 14:13:55,2015-04-06 15:31:31,2015-04-06 15:46:10,2015-04-06 15:58:24,2015-04-06 16:15:22,2015-04-06 16:45:44,2015-04-06 16:46:05,2015-04-06 17:51:09,2015-04-06 18:02:25,2015-04-06 18:03:21,2015-04-06 18:17:58,2015-04-06 20:32:40,2015-04-06 20:43:41,2015-04-06 21:22:38,2015-04-06 21:34:40,2015-04-06 21:37:48,2015-04-06 22:45:29,2015-04-06 22:52:22,2015-04-06 22:53:40,2015-04-06 22:57:18,2015-04-06 23:09:54,2015-04-06 23:32:51,2015-04-07 00:02:27,2015-04-07 00:32:55,2015-04-07 10:49:29,2015-04-07 11:49:05,2015-04-07 13:00:18,2015-04-07 14:19:41,2015-04-07 20:18:15,2015-04-07 20:21:36,2015-04-07 20:30:55,2015-04-07 20:33:01,2015-04-07 20:34:12,2015-04-07 20:41:29,2015-04-07 20:45:07,2015-04-07 20:49:52,2015-04-07 20:50:30,2015-04-07 22:09:11,2015-04-07 22:12:26,2015-04-07 22:22:25,2015-04-07 22:30:36,2015-04-07 22:45:00,2015-04-07 23:05:03,2015-04-07 23:21:58,2015-04-07 23:46:11,2015-04-08 00:21:45,2015-04-08 02:19:55,"
95@purdue.edu 34@purdue.edu 18@purdue.edu 76@purdue.edu 34@purdue.edu 40@purdue.edu 115@purdue.edu 153@purdue.edu 95@purdue.edu 47@purdue.edu 48@purdue.edu 125@purdue.edu 23@purdue.edu 23@purdue.edu 72@purdue.edu 67@purdue.edu 146@purdue.edu 10@purdue.edu 154@purdue.edu 155@purdue.edu 45@purdue.edu 49@purdue.edu ,"2015-02-04 13:12:52,2015-02-04 15:24:50,2015-02-04 15:25:20,2015-02-04 15:35:29,2015-02-04 15:46:07,2015-02-04 15:54:17,2015-02-04 16:20:15,2015-02-04 17:17:01,2015-02-04 17:18:38,2015-02-04 17:20:11,2015-02-04 18:07:45,2015-02-04 18:26:10,2015-02-04 19:40:30,2015-02-04 19:43:27,2015-02-04 22:54:31,2015-02-05 10:09:58,2015-02-05 15:51:06,2015-02-05 17:12:45,2015-02-05 21:04:53,2015-02-05 21:25:24,2015-02-05 22:58:22,2015-02-06 00:24:07,"
95@purdue.edu 68@purdue.edu 122@purdue.edu 47@purdue.edu 123@purdue.edu 20@purdue.edu 34@purdue.edu 34@purdue.edu 77@purdue.edu 7@purdue.edu 50@purdue.edu 50@purdue.edu 25@purdue.edu 124@purdue.edu 112@purdue.edu 125@purdue.edu 33@purdue.edu 31@purdue.edu 126@purdue.edu 109@purdue.edu 60@purdue.edu 109@purdue.edu 99@purdue.edu 49@purdue.edu 109@purdue.edu ,"2015-01-26 14:31:37,2015-01-26 15:20:27,2015-01-26 16:18:41,2015-01-26 17:17:36,2015-01-26 18:25:27,2015-01-26 18:53:39,2015-01-26 20:53:11,2015-01-26 20:54:33,2015-01-26 21:09:42,2015-01-26 21:13:19,2015-01-27 00:33:05,2015-01-27 00:45:39,2015-01-27 12:34:08,2015-01-27 15:18:07,2015-01-27 17:07:18,2015-01-27 17:14:29,2015-01-27 17:51:19,2015-01-27 17:58:53,2015-01-27 22:23:25,2015-01-27 23:14:30,2015-01-28 00:01:27,2015-01-28 00:32:00,2015-01-28 00:42:54,2015-01-28 01:10:16,2015-01-28 09:29:49,"
95@purdue.edu 95@purdue.edu 181@purdue.edu 148@purdue.edu 12@purdue.edu 83@purdue.edu 153@purdue.edu 206@purdue.edu 19@purdue.edu 229@purdue.edu 195@purdue.edu 8@purdue.edu 47@purdue.edu 133@purdue.edu 133@purdue.edu 77@purdue.edu 99@purdue.edu 52@purdue.edu 134@purdue.edu 230@purdue.edu ,"2015-04-13 15:19:04,2015-04-13 15:19:19,2015-04-13 15:45:16,2015-04-13 16:06:35,2015-04-13 16:30:00,2015-04-13 16:55:04,2015-04-13 17:10:27,2015-04-13 17:14:58,2015-04-13 18:09:23,2015-04-13 18:20:21,2015-04-13 18:23:14,2015-04-14 10:01:29,2015-04-14 10:42:25,2015-04-14 10:42:43,2015-04-14 10:43:43,2015-04-14 12:56:57,2015-04-14 18:13:54,2015-04-14 18:46:20,2015-04-14 21:17:27,2015-04-14 22:14:31,"
95@purdue.edu 95@purdue.edu 232@purdue.edu 106@purdue.edu 133@purdue.edu 106@purdue.edu 68@purdue.edu 93@purdue.edu 163@purdue.edu 163@purdue.edu 77@purdue.edu 19@purdue.edu 19@purdue.edu 8@purdue.edu 233@purdue.edu 34@purdue.edu 234@purdue.edu ,"2015-04-20 13:45:08,2015-04-20 13:47:40,2015-04-20 14:34:10,2015-04-20 14:36:27,2015-04-20 14:54:50,2015-04-20 15:06:16,2015-04-20 15:22:34,2015-04-20 15:56:23,2015-04-20 18:31:41,2015-04-21 17:11:43,2015-04-21 22:39:17,2015-04-23 21:18:10,2015-04-23 21:19:44,2015-04-23 23:15:15,2015-04-24 00:43:40,2015-04-24 00:46:19,2015-04-24 06:29:57,"
95@purdue.edu 95@purdue.edu 83@purdue.edu 235@purdue.edu 63@purdue.edu 63@purdue.edu 95@purdue.edu 163@purdue.edu 150@purdue.edu 169@purdue.edu 149@purdue.edu 77@purdue.edu 102@purdue.edu 113@purdue.edu 34@purdue.edu ,"2015-04-20 14:37:35,2015-04-20 14:38:09,2015-04-20 16:15:56,2015-04-20 20:27:22,2015-04-20 20:41:33,2015-04-20 20:43:31,2015-04-20 22:05:22,2015-04-21 12:07:45,2015-04-22 14:10:38,2015-04-23 00:49:54,2015-04-23 13:53:35,2015-04-23 20:02:08,2015-04-23 22:05:22,2015-04-24 10:49:48,2015-04-24 11:00:33,"
96@purdue.edu 96@purdue.edu 114@purdue.edu 18@purdue.edu 114@purdue.edu 115@purdue.edu 64@purdue.edu 34@purdue.edu 114@purdue.edu 50@purdue.edu 5@purdue.edu 109@purdue.edu 91@purdue.edu 116@purdue.edu ,"2015-01-21 16:58:48,2015-01-21 17:06:06,2015-01-21 17:15:50,2015-01-21 18:47:51,2015-01-21 19:16:45,2015-01-21 19:57:18,2015-01-21 20:02:40,2015-01-21 20:24:47,2015-01-21 20:37:26,2015-01-22 02:19:02,2015-01-22 20:25:38,2015-01-22 22:26:36,2015-01-22 23:09:40,2015-01-22 23:20:16,"
98@purdue.edu 140@purdue.edu 109@purdue.edu 61@purdue.edu 147@purdue.edu 148@purdue.edu 68@purdue.edu 68@purdue.edu 18@purdue.edu 27@purdue.edu 26@purdue.edu 5@purdue.edu 5@purdue.edu 56@purdue.edu 149@purdue.edu ,"2015-02-02 12:48:30,2015-02-02 13:14:08,2015-02-02 13:39:02,2015-02-02 14:56:24,2015-02-02 16:13:18,2015-02-02 16:36:54,2015-02-02 19:09:17,2015-02-02 19:10:08,2015-02-02 22:34:23,2015-02-03 17:55:20,2015-02-03 18:12:57,2015-02-03 20:19:42,2015-02-03 20:21:07,2015-02-03 20:26:31,2015-02-03 21:59:41,"
